tmdbId,review_count,pct_positive,avg_sentiment_score
11,9,1.0,0.9988527629110548
12,4,1.0,0.9989137649536133
13,2,1.0,0.9987970888614655
14,3,1.0,0.998691201210022
15,10,0.8,0.9981720745563507
16,3,0.3333333333333333,0.9986817240715027
18,6,0.8333333333333334,0.998956710100174
19,2,1.0,0.9988929927349091
22,4,1.0,0.9987857490777969
24,6,0.6666666666666666,0.999024510383606
28,7,0.5714285714285714,0.9989367638315473
33,7,1.0,0.9986609390803746
35,4,0.0,0.9993518441915512
38,8,0.75,0.9988305121660233
55,1,1.0,0.998889148235321
58,3,1.0,0.9987855950991312
59,4,1.0,0.9988550841808319
62,16,0.6875,0.9984503015875816
63,4,0.75,0.9984336495399475
64,2,1.0,0.9988068342208862
65,1,1.0,0.9988007545471191
68,3,0.6666666666666666,0.9925334652264913
69,3,0.6666666666666666,0.9961132407188416
70,4,0.5,0.9981621205806732
71,1,1.0,0.9989349246025085
73,4,0.5,0.999016135931015
74,4,0.5,0.9991522878408432
75,4,1.0,0.997749075293541
76,3,1.0,0.9989242355028788
77,8,1.0,0.9976270422339439
78,11,1.0,0.9973774281415072
79,1,1.0,0.9989213943481445
80,1,0.0,0.99910968542099
81,1,0.0,0.9983633160591125
85,5,1.0,0.998612642288208
87,5,0.8,0.994001841545105
88,5,0.4,0.9970422625541687
89,5,1.0,0.998869252204895
90,2,1.0,0.9989120960235596
95,8,0.75,0.9986832290887833
96,2,0.5,0.9901227653026581
97,4,0.5,0.9991193562746048
98,5,1.0,0.9988870859146118
99,5,0.8,0.9990403532981873
100,4,0.75,0.9990594238042831
101,2,1.0,0.9566041231155396
103,4,1.0,0.9974951297044754
104,3,0.6666666666666666,0.9990326563517252
105,7,1.0,0.9988745025226048
106,5,1.0,0.9982366681098938
107,2,1.0,0.9988743960857391
108,2,1.0,0.9989057779312134
109,2,1.0,0.9988730251789093
110,2,1.0,0.9989151656627655
111,4,0.75,0.9985967874526978
114,8,0.75,0.9925636872649193
115,4,1.0,0.9988621473312378
116,3,0.6666666666666666,0.9967044790585836
117,3,1.0,0.9986809690793356
118,2,1.0,0.9984295666217804
120,11,1.0,0.9988095218485052
121,7,0.8571428571428571,0.997356082711901
122,8,0.75,0.9989434629678726
123,1,1.0,0.9989112615585327
128,6,1.0,0.9986261626084646
129,2,1.0,0.9985561370849609
134,3,1.0,0.9984519680341085
137,7,1.0,0.9977544716426304
141,5,0.8,0.9971554160118103
142,1,1.0,0.9917657971382141
144,2,0.5,0.9986463487148285
145,3,0.6666666666666666,0.9988759557406107
146,2,1.0,0.998906135559082
147,1,1.0,0.9989126920700073
149,3,0.6666666666666666,0.9988760153452555
150,3,1.0,0.9988106687863668
152,3,0.3333333333333333,0.9992997248967489
153,4,0.75,0.9984058439731598
154,3,1.0,0.9986767172813416
155,16,0.8125,0.998518243432045
157,5,1.0,0.998897111415863
161,7,0.8571428571428571,0.9973240835326058
162,4,1.0,0.9988780915737152
163,5,0.4,0.9991390228271484
164,2,1.0,0.9988096952438354
165,5,1.0,0.9950441837310791
168,2,0.5,0.9992027878761292
169,3,0.6666666666666666,0.9967045585314432
170,8,1.0,0.9984698966145515
172,5,0.6,0.9985125899314881
173,2,1.0,0.9988901913166046
174,2,1.0,0.9988569021224976
176,2,1.0,0.998779833316803
177,3,1.0,0.9988640745480856
180,5,1.0,0.9988749146461486
184,5,1.0,0.998913586139679
185,6,0.6666666666666666,0.9988361597061157
186,1,0.0,0.9995107650756836
187,1,1.0,0.9989249110221863
192,5,0.8,0.9989848017692566
193,4,0.25,0.9993440806865692
194,2,1.0,0.9985529780387878
196,6,0.6666666666666666,0.9988735218842825
197,4,1.0,0.99839286506176
199,6,0.6666666666666666,0.997511088848114
200,3,0.6666666666666666,0.997419516245524
201,3,1.0,0.9987244407335917
205,1,1.0,0.9988297820091248
207,5,0.8,0.9988262534141541
212,3,1.0,0.9988834659258524
213,7,0.5714285714285714,0.9980035509381976
217,3,0.6666666666666666,0.9990488489468893
218,9,1.0,0.998859167098999
221,2,1.0,0.9988689720630646
223,6,1.0,0.9987780352433523
226,3,0.6666666666666666,0.9986651142438253
227,2,0.5,0.9975641369819641
235,5,1.0,0.9988666296005249
238,6,0.8333333333333334,0.9988938967386881
239,3,0.6666666666666666,0.9990975459416708
240,4,0.75,0.999002605676651
241,3,0.6666666666666666,0.9983580112457275
242,2,0.5,0.9991801977157593
243,4,0.75,0.9977482408285141
244,4,1.0,0.998867005109787
245,3,1.0,0.9984884858131409
251,4,0.75,0.9984522610902786
252,5,1.0,0.9989038586616517
253,5,1.0,0.9988626599311828
254,3,0.6666666666666666,0.9989044070243835
260,1,1.0,0.9989163875579834
268,8,0.5,0.9988492950797081
272,8,0.625,0.9852484613656998
274,7,0.8571428571428571,0.997127822467259
275,4,1.0,0.9989181011915207
277,4,1.0,0.9986858814954758
278,18,0.8888888888888888,0.9982845485210419
279,2,1.0,0.9989036917686462
280,8,1.0,0.9988730549812317
281,1,1.0,0.9989087581634521
284,4,1.0,0.9988378286361694
285,2,0.5,0.9966691136360168
287,1,0.0,0.9982373714447021
288,5,1.0,0.9988328576087951
289,4,1.0,0.9988978952169418
293,1,1.0,0.9988756775856018
296,5,0.4,0.9992400407791138
297,4,0.5,0.997869610786438
298,2,1.0,0.9989103674888611
303,2,1.0,0.9988146126270294
306,2,0.0,0.9994972348213196
310,3,1.0,0.9988892277081808
311,3,1.0,0.9987693826357523
319,6,0.6666666666666666,0.9985139667987823
320,5,1.0,0.9988912224769593
322,4,1.0,0.9988954961299896
329,10,1.0,0.9984118103981018
330,8,0.375,0.9980598241090775
331,7,0.42857142857142855,0.9971997226987567
332,2,0.5,0.9989591836929321
334,5,0.8,0.9989108324050904
335,9,0.8888888888888888,0.9988375306129456
338,1,1.0,0.9988811612129211
343,2,1.0,0.998904287815094
345,3,1.0,0.9986560344696045
346,5,1.0,0.9988887071609497
348,10,0.9,0.9988806664943695
350,4,1.0,0.998672142624855
364,4,0.75,0.9990089237689972
377,4,1.0,0.9988482296466827
378,2,1.0,0.998431533575058
379,2,1.0,0.9988588094711304
380,3,1.0,0.998824675877889
381,3,1.0,0.998028039932251
387,3,1.0,0.9989016254742941
388,2,1.0,0.9989110827445984
389,7,1.0,0.998869104044778
391,6,0.8333333333333334,0.998537560304006
393,2,1.0,0.998319536447525
395,5,0.4,0.9981534004211425
396,1,1.0,0.998327910900116
397,1,1.0,0.9989218711853027
398,1,1.0,0.9989014863967896
401,2,0.5,0.9977098703384399
402,2,1.0,0.9988994896411896
403,1,1.0,0.998908519744873
404,3,1.0,0.9989181955655416
406,3,1.0,0.9988775054613749
408,1,1.0,0.9988560676574707
409,2,1.0,0.998871773481369
411,5,1.0,0.9989037156105042
414,4,0.0,0.9992078244686127
415,4,0.5,0.9990640580654144
421,1,0.0,0.9994484782218933
422,3,1.0,0.9969740112622579
424,4,1.0,0.9853319525718689
425,2,1.0,0.9987707734107971
426,6,0.6666666666666666,0.9987397392590841
429,11,0.9090909090909091,0.9987587603655729
431,2,0.5,0.9992237389087677
433,3,1.0,0.9927737514177958
435,6,0.8333333333333334,0.9989895125230154
451,3,1.0,0.9988157947858175
453,1,1.0,0.9989018440246582
454,3,0.6666666666666666,0.9988020857175192
455,1,0.0,0.9994200468063354
462,4,1.0,0.9973785430192947
470,1,1.0,0.9989367127418518
475,3,1.0,0.9988858501116434
476,1,1.0,0.998923122882843
479,4,0.75,0.998088538646698
488,3,1.0,0.9988996585210165
489,6,1.0,0.9988927642504374
490,3,1.0,0.9988664984703064
492,3,1.0,0.9989069302876791
496,1,1.0,0.9985404014587402
497,4,0.75,0.9990020990371704
500,4,0.25,0.9993246644735336
504,4,0.75,0.9988290220499039
508,5,0.8,0.9990286827087402
509,1,1.0,0.9989350438117981
510,4,0.75,0.9970634281635284
521,6,1.0,0.9988280733426412
522,1,1.0,0.998867392539978
524,2,1.0,0.9989085793495178
525,3,1.0,0.9987943768501282
526,2,1.0,0.9988690912723541
527,1,1.0,0.9988632202148438
530,1,1.0,0.9989031553268433
531,2,1.0,0.9988732933998108
532,2,0.5,0.998224675655365
533,1,1.0,0.9989299178123474
534,9,0.4444444444444444,0.9983403616481357
535,2,0.5,0.996570348739624
539,7,1.0,0.998865578855787
544,2,0.5,0.999155580997467
548,4,1.0,0.9988819509744644
550,11,0.8181818181818182,0.9986330379139293
551,2,1.0,0.9988666474819183
553,3,1.0,0.9988685846328735
557,20,0.95,0.9984733998775482
558,20,0.95,0.9978994905948639
559,20,0.45,0.9980890393257141
561,5,0.8,0.9966506838798523
562,9,1.0,0.9988509880171882
563,7,1.0,0.9971224750791278
564,7,1.0,0.9989181416375297
565,4,0.75,0.9988948702812195
567,5,1.0,0.9983760714530945
568,2,1.0,0.9988356828689575
571,3,0.6666666666666666,0.9989567200342814
576,3,1.0,0.9970331788063049
577,3,0.6666666666666666,0.9981051484743754
578,9,1.0,0.9986392193370395
579,5,0.4,0.9980030298233032
581,3,1.0,0.9976991216341654
582,3,1.0,0.9985163609186808
583,3,0.3333333333333333,0.993797222773234
584,4,0.5,0.9983807355165482
585,3,1.0,0.9989121357599894
587,2,1.0,0.9989278316497803
588,2,1.0,0.9979009628295898
591,4,0.5,0.9991143047809601
592,4,1.0,0.9988556802272797
593,1,1.0,0.9988883137702942
594,4,1.0,0.9988750368356705
595,4,1.0,0.9979376941919327
596,1,1.0,0.9989097118377686
597,7,0.8571428571428571,0.998977107661111
598,2,1.0,0.9987772405147552
599,7,1.0,0.9988752688680377
600,4,1.0,0.9960703402757645
601,4,1.0,0.9988668859004974
602,4,0.75,0.9990619570016861
603,9,1.0,0.9987981783019172
604,2,1.0,0.9966824352741241
605,2,0.0,0.9993605017662048
607,6,1.0,0.9988431135813395
608,6,0.6666666666666666,0.9984121521313986
609,5,0.8,0.996966290473938
612,3,0.6666666666666666,0.9976159731547037
613,2,1.0,0.9989008903503418
615,3,1.0,0.9988998373349508
616,3,1.0,0.9988459149996439
617,1,1.0,0.998908519744873
619,2,0.5,0.9991922676563263
620,4,0.75,0.9954802989959717
621,5,1.0,0.9987456202507019
622,2,1.0,0.998898059129715
623,2,0.5,0.9986511468887329
624,1,1.0,0.9988951086997986
625,3,1.0,0.9988085031509399
627,3,1.0,0.9988909363746643
628,1,1.0,0.9988143444061279
629,10,0.7,0.9986685514450073
630,6,1.0,0.9988308846950531
634,4,1.0,0.9985131323337555
637,2,1.0,0.9985635578632355
638,2,1.0,0.9979790151119232
639,4,0.5,0.9949415475130081
640,5,1.0,0.9988438248634338
641,4,0.75,0.9987398535013199
642,6,1.0,0.9980122148990631
644,4,0.75,0.9787609130144119
646,8,0.875,0.9944225773215294
650,3,1.0,0.9989100694656372
651,1,0.0,0.9922845363616943
652,6,0.8333333333333334,0.998628964026769
653,2,1.0,0.9988724589347839
654,4,1.0,0.9987158179283142
657,8,1.0,0.9988608956336975
658,8,1.0,0.9983339011669159
660,8,0.875,0.9987253546714783
664,3,1.0,0.9988212188084921
665,4,1.0,0.9988871216773987
668,10,0.6,0.9989309966564178
670,4,1.0,0.9988741874694824
671,4,1.0,0.9984984397888184
672,2,1.0,0.9989199936389923
673,3,1.0,0.99882839123408
674,3,1.0,0.9988067547480265
675,3,1.0,0.9988820552825928
676,5,0.4,0.9992426991462707
679,14,0.8571428571428571,0.9989379261221204
680,8,0.875,0.9988787472248077
681,6,0.6666666666666666,0.9976302782694498
682,7,0.8571428571428571,0.998785308429173
686,4,0.5,0.996740996837616
687,3,1.0,0.99891597032547
688,2,1.0,0.998885452747345
691,7,0.8571428571428571,0.9988243154117039
693,1,1.0,0.9949138164520264
694,6,1.0,0.9987978438536326
695,3,1.0,0.9988631208737692
696,3,0.6666666666666666,0.9949018160502116
698,6,0.8333333333333334,0.9979979495207468
699,6,0.8333333333333334,0.9989401002724966
702,2,1.0,0.9986783564090729
703,4,1.0,0.9986592382192612
704,1,1.0,0.9988006353378296
705,4,1.0,0.998750314116478
707,7,0.5714285714285714,0.9984780039106097
709,8,0.875,0.9983830228447914
710,7,0.7142857142857143,0.9990102989333016
711,1,1.0,0.9970707893371582
712,2,1.0,0.9983777701854706
713,3,0.6666666666666666,0.9983804623285929
714,6,0.8333333333333334,0.9971728324890137
744,4,0.75,0.9989863783121109
745,6,1.0,0.9988898237546285
746,1,1.0,0.9989157915115356
747,3,1.0,0.9988565047581991
752,3,0.6666666666666666,0.9990116357803345
754,5,0.8,0.9988879680633544
755,4,0.75,0.9989985227584839
756,2,1.0,0.9986771047115326
762,4,0.75,0.9989462643861771
763,3,0.6666666666666666,0.9988465905189514
764,5,0.6,0.997771942615509
765,6,0.8333333333333334,0.9987210134665171
766,6,1.0,0.9988528688748678
767,5,0.8,0.9973485469818115
768,4,1.0,0.9987729638814926
769,9,1.0,0.9988609817292955
770,2,1.0,0.9983667433261871
771,6,0.8333333333333334,0.9977575639883677
772,3,1.0,0.9988630414009094
773,2,1.0,0.9988560676574707
782,3,1.0,0.9978792667388916
783,1,1.0,0.9989180564880371
786,6,1.0,0.9988606671492258
787,7,0.8571428571428571,0.9983733807291303
788,2,1.0,0.998382955789566
792,3,1.0,0.9988203446070353
793,2,0.5,0.998920202255249
794,3,0.6666666666666666,0.9981503089269003
795,2,1.0,0.9972496926784515
796,1,1.0,0.9987967014312744
801,2,1.0,0.9987889230251312
802,1,1.0,0.9976792931556702
804,3,1.0,0.9988502860069275
805,1,1.0,0.9988856911659241
807,7,0.8571428571428571,0.9988916005407061
808,4,1.0,0.9987991452217102
809,2,1.0,0.9980997741222382
810,1,1.0,0.9978043437004089
812,5,1.0,0.9989094138145447
813,4,0.75,0.998577892780304
814,4,1.0,0.9987878948450089
816,2,0.0,0.9969821870326996
817,3,0.3333333333333333,0.9992027878761292
818,3,0.3333333333333333,0.9993021289507548
819,4,1.0,0.9987928718328476
820,2,0.5,0.9989401996135712
824,3,1.0,0.9923949639002482
826,1,1.0,0.9989138841629028
828,4,1.0,0.9988840818405151
829,3,1.0,0.9988891084988912
830,4,1.0,0.9977100193500519
832,5,0.6,0.9987477540969849
834,3,1.0,0.9987058043479919
838,1,1.0,0.9985985159873962
840,2,1.0,0.9987147152423859
841,3,0.3333333333333333,0.9990823666254679
843,1,1.0,0.9989244341850281
845,2,1.0,0.9986467957496643
846,1,1.0,0.9980151653289795
847,3,0.6666666666666666,0.9990545908610026
850,3,0.6666666666666666,0.996742049853007
853,1,1.0,0.9988347887992859
854,3,0.6666666666666666,0.9927197893460592
857,7,0.8571428571428571,0.9984213624681745
858,3,0.3333333333333333,0.9988207817077637
859,1,1.0,0.9989355206489563
860,3,0.6666666666666666,0.9716913104057312
861,5,1.0,0.998868727684021
862,5,1.0,0.998897933959961
863,4,1.0,0.9988773018121719
865,3,1.0,0.9970072507858276
866,2,1.0,0.998905599117279
867,2,0.0,0.996636837720871
869,3,0.3333333333333333,0.9977392156918844
871,7,1.0,0.9988307867731366
872,4,0.75,0.9990657418966293
873,2,1.0,0.9988599419593811
879,3,1.0,0.9988228678703308
881,5,1.0,0.9973143219947815
888,1,1.0,0.9988629817962646
891,2,1.0,0.9987475872039795
892,2,0.5,0.9978474080562592
900,4,1.0,0.9988742619752884
901,1,1.0,0.9988105297088623
902,2,1.0,0.9965636134147644
903,2,1.0,0.9988032877445221
907,1,1.0,0.9989162683486938
910,4,1.0,0.9972997158765793
913,2,0.5,0.9992184340953827
914,2,1.0,0.9978258609771729
920,4,1.0,0.9988446086645126
921,3,1.0,0.996908982594808
922,1,1.0,0.9987902045249939
923,4,0.75,0.999020054936409
924,4,1.0,0.9989028424024582
925,2,0.5,0.9977975785732269
926,3,1.0,0.9988651474316915
927,5,0.8,0.9989689469337464
928,3,0.6666666666666666,0.9987276395161947
929,4,0.75,0.9943070262670517
935,5,1.0,0.9987727046012879
938,6,0.8333333333333334,0.9987368881702423
941,5,1.0,0.9989072203636169
942,4,0.75,0.9990224838256836
943,3,1.0,0.9987449645996094
944,1,1.0,0.9985561966896057
947,4,1.0,0.9989079236984253
948,7,0.8571428571428571,0.9974564995084491
949,9,1.0,0.9988133112589518
950,2,0.5,0.8774486184120178
951,5,0.8,0.9989854335784912
953,2,1.0,0.9988755881786346
954,6,0.8333333333333334,0.9984189569950104
955,6,0.16666666666666666,0.9993450144926707
956,3,0.6666666666666666,0.9981024662653605
957,1,1.0,0.9988800883293152
963,4,1.0,0.9988712072372437
966,3,1.0,0.9988599220911661
967,3,1.0,0.9939605792363485
968,2,1.0,0.9987506568431854
975,3,1.0,0.9988322257995605
978,2,1.0,0.998836487531662
981,3,0.6666666666666666,0.9968428611755371
982,1,1.0,0.9989118576049805
983,3,1.0,0.9988888502120972
984,7,0.8571428571428571,0.9989774397441319
985,4,0.75,0.9973921626806259
996,6,1.0,0.9988130827744802
1018,3,0.3333333333333333,0.9992926518122355
1024,3,0.6666666666666666,0.9915693799654642
1051,1,1.0,0.9989142417907715
1073,1,1.0,0.9986746311187744
1088,1,1.0,0.9989070892333984
1089,5,1.0,0.9988657712936402
1090,4,0.75,0.9975147098302841
1091,9,1.0,0.9987422294086881
1092,5,1.0,0.9988637685775756
1103,3,1.0,0.9956457813580831
1124,6,0.8333333333333334,0.9982900520165762
1164,1,1.0,0.9621772766113281
1213,2,0.5,0.99798184633255
1245,2,1.0,0.9984863102436066
1250,6,0.6666666666666666,0.9984504282474518
1251,1,1.0,0.9988963603973389
1262,2,1.0,0.9987346827983856
1271,4,0.5,0.9990928918123245
1272,5,0.8,0.9989293336868286
1281,1,1.0,0.99737548828125
1359,4,1.0,0.9945646822452545
1360,1,1.0,0.9988865256309509
1365,1,0.0,0.9993475079536438
1366,3,1.0,0.9989179968833923
1367,4,1.0,0.9989296197891235
1368,5,0.8,0.9989533305168152
1369,4,0.75,0.9987204521894455
1370,2,0.5,0.9979259371757507
1371,3,1.0,0.9984601140022278
1372,3,1.0,0.9988286892573038
1374,3,0.6666666666666666,0.9984773000081381
1375,2,0.0,0.9974482655525208
1381,5,0.6,0.9991071820259094
1389,2,1.0,0.9983612596988678
1391,3,0.3333333333333333,0.9990753730138143
1398,4,1.0,0.9979918599128723
1402,1,1.0,0.9988896250724792
1406,2,1.0,0.9985142946243286
1412,2,0.5,0.9991423785686493
1417,3,1.0,0.9988857507705688
1422,4,1.0,0.9988924115896225
1427,2,1.0,0.9980008006095886
1428,1,1.0,0.9971440434455872
1439,1,1.0,0.9987951517105103
1443,3,0.6666666666666666,0.9984578490257263
1452,4,0.5,0.9819053262472153
1480,3,0.6666666666666666,0.9990358948707581
1487,3,1.0,0.9987936417261759
1491,3,1.0,0.9989181558291117
1493,4,1.0,0.9988742619752884
1495,2,1.0,0.9987570643424988
1523,3,1.0,0.9970298409461975
1538,3,1.0,0.9987462759017944
1541,2,1.0,0.9988271594047546
1542,3,1.0,0.99880450963974
1547,2,1.0,0.9987514913082123
1548,2,0.5,0.9990814626216888
1551,4,0.75,0.9987469613552094
1552,2,1.0,0.9989120364189148
1562,6,0.6666666666666666,0.9976312716801962
1571,4,0.75,0.9990335255861282
1572,4,1.0,0.997518002986908
1573,5,1.0,0.998149299621582
1574,4,1.0,0.9988327175378799
1576,7,0.8571428571428571,0.9986905540738787
1577,5,0.6,0.999077844619751
1578,4,0.75,0.9988562166690826
1579,3,1.0,0.9984894394874573
1580,6,0.5,0.9981346925099691
1581,2,1.0,0.9986876547336578
1584,2,1.0,0.9989053010940552
1585,6,1.0,0.9988872607549032
1586,4,0.75,0.9967075735330582
1587,4,1.0,0.9968318939208984
1588,2,1.0,0.998893141746521
1592,5,1.0,0.998910927772522
1593,2,0.5,0.9980099201202393
1597,2,1.0,0.9982810914516449
1598,3,1.0,0.998843232790629
1621,4,1.0,0.9988705664873123
1624,2,1.0,0.9987804293632507
1630,2,1.0,0.998907595872879
1632,2,1.0,0.9988293647766113
1633,2,1.0,0.998881995677948
1634,3,0.3333333333333333,0.9986946980158488
1635,6,1.0,0.998831182718277
1636,1,0.0,0.9789569973945618
1637,4,1.0,0.9986466467380524
1639,1,0.0,0.9994995594024658
1640,2,1.0,0.9988896250724792
1642,1,1.0,0.9966564178466797
1645,2,1.0,0.9988530874252319
1647,1,0.0,0.9989049434661865
1648,2,1.0,0.9989016354084015
1653,1,1.0,0.9989288449287415
1654,3,1.0,0.998756488164266
1669,3,1.0,0.9988570213317871
1687,4,0.75,0.9989577829837799
1700,1,1.0,0.9988515377044678
1701,5,1.0,0.9988707542419434
1710,1,0.0,0.9994255304336548
1715,1,1.0,0.998606264591217
1724,6,0.5,0.9931057393550873
1725,3,0.3333333333333333,0.9975478251775106
1726,10,0.9,0.9987113356590271
1734,5,0.6,0.9988386392593384
1771,9,1.0,0.9986169934272766
1779,1,0.0,0.9909359812736511
1781,2,0.5,0.9983841478824615
1788,3,0.6666666666666666,0.9986197352409363
1813,3,0.6666666666666666,0.9980339010556539
1817,2,1.0,0.9988943636417389
1824,2,1.0,0.9984233379364014
1832,3,1.0,0.998783548672994
1844,3,1.0,0.9987458189328512
1850,3,0.6666666666666666,0.9763479034105936
1858,2,0.0,0.9995021820068359
1865,5,0.6,0.9970328569412231
1878,1,1.0,0.9985382556915283
1883,1,1.0,0.9986298084259033
1885,4,1.0,0.998859092593193
1891,8,0.875,0.9967011958360672
1892,5,0.8,0.998600709438324
1893,9,0.4444444444444444,0.9988222122192383
1894,5,0.4,0.9932250261306763
1895,7,0.8571428571428571,0.9976153203419277
1900,3,0.3333333333333333,0.9958644310633341
1903,3,1.0,0.9987862904866537
1907,3,0.6666666666666666,0.9989729722340902
1909,4,0.75,0.993367150425911
1911,3,1.0,0.9978229204813639
1924,5,1.0,0.9988916635513305
1927,4,0.5,0.9986085146665573
1930,4,0.75,0.997639000415802
1933,2,1.0,0.9987482130527496
1934,2,1.0,0.9962480366230011
1946,2,0.5,0.9992116689682007
1948,1,1.0,0.9989269375801086
1949,4,0.75,0.9987853467464447
1954,3,1.0,0.9987957080205282
1955,2,1.0,0.998833417892456
1965,3,1.0,0.9987620711326599
1970,1,0.0,0.9994993209838867
1979,2,0.5,0.9991292953491211
1991,5,0.8,0.9983879923820496
1992,2,0.0,0.9983490109443665
1995,4,0.75,0.9988662749528885
1996,3,1.0,0.9987723231315613
2005,3,1.0,0.9988888502120972
2011,1,1.0,0.998900294303894
2018,1,0.0,0.9995085000991821
2022,2,1.0,0.9988408982753754
2024,1,1.0,0.9967376589775085
2028,2,1.0,0.9982780814170837
2034,6,1.0,0.9985228975613912
2039,1,1.0,0.9988917708396912
2043,4,0.5,0.9989158511161804
2048,5,1.0,0.9988864898681641
2054,2,1.0,0.9988856315612793
2056,2,1.0,0.9982104003429413
2059,5,1.0,0.9988799452781677
2064,5,1.0,0.9988324403762817
2067,3,0.6666666666666666,0.9987935821215311
2074,1,1.0,0.9988352656364441
2080,6,0.3333333333333333,0.9982437292734782
2103,1,1.0,0.9988775849342346
2105,3,0.6666666666666666,0.9990893205006918
2107,2,1.0,0.9987369179725647
2108,5,0.8,0.9989655613899231
2109,3,0.6666666666666666,0.9949241677920023
2112,3,1.0,0.9986055692036947
2114,1,0.0,0.9995085000991821
2118,2,1.0,0.9988760948181152
2119,3,0.3333333333333333,0.9969691236813863
2123,1,1.0,0.9987214207649231
2133,3,1.0,0.9981720248858134
2135,2,0.0,0.9987744688987732
2142,6,0.8333333333333334,0.998956561088562
2157,3,0.6666666666666666,0.998989204565684
2164,4,0.75,0.997475653886795
2252,2,0.5,0.9991685450077057
2255,2,0.0,0.9980184137821198
2268,1,0.0,0.9992154836654663
2270,1,1.0,0.9989140033721924
2275,1,1.0,0.9947391152381897
2277,1,1.0,0.9988861680030823
2280,2,1.0,0.9988504350185394
2288,3,0.6666666666666666,0.9984884858131409
2289,3,1.0,0.9985499382019043
2291,1,1.0,0.9983415603637695
2292,2,1.0,0.9987908899784088
2293,2,1.0,0.9983625411987305
2295,1,0.0,0.9987145662307739
2300,4,1.0,0.9985307902097702
2310,3,0.3333333333333333,0.9990535974502563
2320,1,1.0,0.9988688826560974
2322,1,1.0,0.9989281296730042
2323,6,1.0,0.960572083791097
2362,1,1.0,0.9988859295845032
2454,3,0.6666666666666666,0.9990676641464233
2493,4,0.75,0.9990715682506561
2501,4,1.0,0.9988780319690704
2502,4,1.0,0.998911440372467
2503,4,1.0,0.9987563341856003
2539,2,0.5,0.9955946803092957
2567,1,1.0,0.9988800883293152
2604,3,1.0,0.9988811016082764
2609,2,1.0,0.9989207684993744
2614,2,1.0,0.9989164471626282
2616,1,1.0,0.9989277720451355
2619,2,0.5,0.9991406798362732
2623,2,0.5,0.9991836547851562
2636,3,0.3333333333333333,0.999170700709025
2637,1,1.0,0.9988967180252075
2640,3,1.0,0.9969130357106527
2642,1,1.0,0.9988884329795837
2649,1,1.0,0.99892657995224
2655,4,0.5,0.9961134344339371
2665,2,0.0,0.9993972778320312
2666,6,0.8333333333333334,0.998754213253657
2667,1,1.0,0.9947526454925537
2668,6,0.6666666666666666,0.9983816643555959
2671,1,1.0,0.9988020658493042
2675,7,0.42857142857142855,0.999062350818089
2698,1,1.0,0.9982448816299438
2752,1,1.0,0.99887615442276
2755,2,1.0,0.9988187849521637
2756,4,0.75,0.997197687625885
2757,2,1.0,0.9986597001552582
2758,2,1.0,0.9988287091255188
2759,2,0.5,0.9836195409297943
2770,2,0.5,0.9941202104091644
2771,1,1.0,0.9988672733306885
2787,6,0.6666666666666666,0.9981171985467275
2789,4,1.0,0.9984033405780792
2832,5,1.0,0.9988774538040162
2898,3,0.6666666666666666,0.9989981452624003
2907,2,1.0,0.9989041984081268
2924,1,0.0,0.9976493716239929
2928,2,0.5,0.9990987479686737
2978,5,0.6,0.9991299152374268
3021,4,0.75,0.9771234095096588
3034,5,1.0,0.9988613963127136
3035,6,0.8333333333333334,0.9986435174942017
3036,4,0.5,0.9990186542272568
3049,2,1.0,0.9988719522953033
3063,4,0.5,0.9961962550878525
3065,1,0.0,0.9995108842849731
3078,3,1.0,0.9983662962913513
3082,2,1.0,0.9988605380058289
3083,3,1.0,0.9986812273661295
3085,1,1.0,0.9989180564880371
3090,4,1.0,0.9988576173782349
3116,3,1.0,0.9988415638605753
3131,1,1.0,0.9988998174667358
3170,4,0.5,0.9991528540849686
3175,2,1.0,0.998869925737381
3176,1,1.0,0.9988709092140198
3291,1,1.0,0.9988162517547607
3512,3,0.6666666666666666,0.9956072966257731
3525,2,1.0,0.9989054501056671
3529,1,1.0,0.998722493648529
3536,2,1.0,0.9987261891365051
3558,3,1.0,0.9981176654497782
3573,3,1.0,0.9955491423606873
3580,1,1.0,0.9988967180252075
3586,1,1.0,0.9987776875495911
3594,1,0.0,0.9994766116142273
3597,5,0.8,0.9970401644706726
3600,2,0.5,0.9990098178386688
3933,1,1.0,0.9988896250724792
3989,2,1.0,0.9987667500972748
4011,7,0.8571428571428571,0.9985964383397784
4108,2,1.0,0.998866856098175
4133,2,0.0,0.9967080950737
4147,4,0.75,0.999037116765976
4232,2,1.0,0.9989069104194641
4233,3,0.3333333333333333,0.9992347558339437
4234,3,0.3333333333333333,0.9993124802907308
4247,2,1.0,0.9988364279270172
4327,3,0.0,0.9949694871902466
4347,3,1.0,0.9989091555277506
4348,5,1.0,0.9988187670707702
4421,1,0.0,0.9994907379150391
4437,2,1.0,0.9988408386707306
4442,2,0.5,0.9991806447505951
4464,2,1.0,0.9986132979393005
4476,1,1.0,0.998904824256897
4477,1,0.0,0.9995133876800537
4478,1,0.0,0.9984651803970337
4480,3,1.0,0.9988481601079305
4488,5,0.8,0.9986650347709656
4512,2,1.0,0.9989025592803955
4518,2,1.0,0.9988403618335724
4523,2,1.0,0.9988701045513153
4538,2,1.0,0.9988701641559601
4543,4,0.5,0.9987260401248932
4547,3,1.0,0.9983680248260498
4566,1,1.0,0.9989022016525269
4584,1,1.0,0.9989093542098999
4614,4,0.5,0.9989942908287048
4638,4,0.75,0.9987190812826157
4771,3,1.0,0.9988952279090881
4806,1,1.0,0.9986507296562195
4808,4,1.0,0.9989027082920074
4816,2,1.0,0.998776763677597
4824,3,0.6666666666666666,0.9973453481992086
4836,2,1.0,0.9989270567893982
4912,1,0.0,0.999483585357666
4922,3,1.0,0.9988583922386169
4935,2,1.0,0.9988875091075897
4944,2,1.0,0.9988943040370941
4951,4,1.0,0.9988159984350204
4954,2,1.0,0.9802244603633881
4961,2,1.0,0.9975862801074982
4964,1,1.0,0.9986944794654846
4977,2,1.0,0.9988381564617157
4978,1,1.0,0.9988699555397034
4982,4,0.75,0.9990436434745789
4995,2,0.5,0.9984290897846222
5038,2,1.0,0.9989078044891357
5137,1,1.0,0.9986612796783447
5156,3,1.0,0.9988405505816141
5175,3,0.3333333333333333,0.9976205229759216
5176,5,1.0,0.9988513112068176
5236,6,0.8333333333333334,0.9989021420478821
5255,4,0.75,0.9964718520641327
5279,2,1.0,0.9960835576057434
5491,1,0.0,0.9993822574615479
5503,2,1.0,0.9988753497600555
5548,5,1.0,0.998467230796814
5549,3,0.6666666666666666,0.9973212281862894
5550,3,0.0,0.9995068311691284
5551,1,0.0,0.9994827508926392
5689,2,0.0,0.9994512796401978
5693,1,0.0,0.9994066953659058
5723,2,1.0,0.9989092648029327
5825,2,1.0,0.997967928647995
5876,3,1.0,0.9969425201416016
5924,6,1.0,0.998863955338796
5925,3,1.0,0.9911304712295532
6068,2,1.0,0.9988692104816437
6073,2,1.0,0.9989034533500671
6075,2,0.5,0.9992141127586365
6114,5,0.8,0.9988398671150207
6145,3,1.0,0.9988496899604797
6278,3,0.6666666666666666,0.999028225739797
6280,1,1.0,0.9989203214645386
6282,3,0.6666666666666666,0.9977506995201111
6415,2,1.0,0.9987655282020569
6471,1,1.0,0.9987624883651733
6479,4,0.5,0.9988915473222733
6488,2,1.0,0.9988507330417633
6520,4,0.5,0.9990231543779373
6557,1,1.0,0.9988710284233093
6615,1,1.0,0.9988885521888733
6620,2,1.0,0.9988495111465454
6623,1,0.0,0.9995094537734985
6637,4,0.75,0.9967266321182251
6878,1,1.0,0.9988861680030823
6947,2,1.0,0.9989365935325623
6950,2,1.0,0.9988746345043182
6964,2,0.5,0.9988618195056915
6977,9,0.7777777777777778,0.9989625016848246
6978,6,0.8333333333333334,0.9985384941101074
7095,1,1.0,0.9902061820030212
7131,4,0.5,0.9987373054027557
7191,2,0.5,0.9971766471862793
7270,1,1.0,0.99887615442276
7299,3,0.6666666666666666,0.9987473090489706
7303,2,1.0,0.9973843693733215
7326,2,1.0,0.9988918900489807
7340,4,1.0,0.9988524168729782
7345,5,0.8,0.9974518299102784
7350,1,1.0,0.9989373087882996
7443,4,1.0,0.998895063996315
7446,2,1.0,0.9968276619911194
7451,1,1.0,0.9988107681274414
7452,1,1.0,0.9988880753517151
7453,1,1.0,0.9839156270027161
7485,3,1.0,0.9980911811192831
7512,2,0.5,0.9991251826286316
7518,3,0.6666666666666666,0.9991132418314616
7551,3,1.0,0.9988884925842285
7555,3,1.0,0.9988404711087545
7737,6,0.6666666666666666,0.9981748859087626
7863,1,1.0,0.9988915324211121
7984,4,1.0,0.9987893849611282
8005,1,1.0,0.9986332058906555
8007,2,0.5,0.9985605478286743
8009,1,1.0,0.9988993406295776
8011,1,0.0,0.9993463158607483
8012,3,0.6666666666666666,0.9990912477175394
8051,1,0.0,0.9995102882385254
8065,1,1.0,0.9989305138587952
8068,2,0.5,0.9991077184677124
8069,4,0.25,0.9988885968923569
8077,8,0.625,0.947966955602169
8078,7,0.2857142857142857,0.9983700939587185
8130,2,1.0,0.9987316727638245
8193,2,0.5,0.9991620481014252
8195,3,0.6666666666666666,0.9990651607513428
8197,1,1.0,0.9989277720451355
8202,2,0.0,0.9951929450035095
8224,4,0.75,0.9989751875400543
8247,1,1.0,0.9986489415168762
8273,1,1.0,0.998815655708313
8321,3,0.6666666666666666,0.9990787108739217
8326,1,1.0,0.9989261031150818
8337,3,1.0,0.9989159107208252
8346,1,1.0,0.9988273978233337
8355,3,1.0,0.9985039035479227
8358,3,1.0,0.9978847106297811
8363,3,1.0,0.9988327821095785
8367,3,0.3333333333333333,0.9980304837226868
8373,2,0.0,0.9990258514881134
8388,3,0.6666666666666666,0.9990487893422445
8392,5,1.0,0.9988358974456787
8393,2,1.0,0.9988643825054169
8413,7,0.8571428571428571,0.9988236086709159
8438,1,1.0,0.9987456798553467
8452,2,1.0,0.9988462030887604
8467,3,0.3333333333333333,0.9991785486539205
8469,3,0.6666666666666666,0.9974759022394816
8487,4,0.75,0.9982033520936966
8488,2,1.0,0.9989248514175415
8491,1,1.0,0.9986461997032166
8512,1,1.0,0.9989213943481445
8536,5,1.0,0.9988538146018981
8584,1,1.0,0.998828113079071
8587,2,1.0,0.9987723529338837
8592,5,0.8,0.998853576183319
8619,6,0.8333333333333334,0.9989990989367167
8649,2,0.5,0.9992163777351379
8656,4,0.5,0.9985581487417221
8681,8,0.875,0.9988368526101112
8688,2,0.0,0.9994403421878815
8698,3,0.6666666666666666,0.9991004467010498
8699,2,0.5,0.9992078542709351
8741,5,0.4,0.99879549741745
8810,6,1.0,0.9987034797668457
8816,2,1.0,0.9988031685352325
8818,1,0.0,0.9995101690292358
8831,1,1.0,0.99887615442276
8834,3,0.6666666666666666,0.9817874034245809
8835,5,0.8,0.9984806537628174
8839,4,1.0,0.9987778663635254
8840,1,1.0,0.9988939166069031
8843,3,1.0,0.9988982478777567
8844,4,1.0,0.9987556040287018
8845,3,1.0,0.9980466763178507
8848,2,0.0,0.999255359172821
8850,3,1.0,0.9983558654785156
8856,3,0.6666666666666666,0.9984440207481384
8859,1,0.0,0.9991053938865662
8866,1,1.0,0.9988698363304138
8870,3,0.3333333333333333,0.999217172463735
8871,5,1.0,0.99873948097229
8872,1,1.0,0.996798574924469
8874,3,0.6666666666666666,0.9989651242891947
8909,2,1.0,0.9987949430942535
8913,5,0.8,0.9987815976142883
8914,6,0.8333333333333334,0.9988939662774404
8916,3,0.6666666666666666,0.9959837198257446
8960,4,0.5,0.9991783946752548
8963,3,0.6666666666666666,0.999106764793396
8966,2,0.5,0.9991027414798737
8974,4,0.75,0.99893519282341
8986,2,1.0,0.9988496005535126
9003,1,1.0,0.9988048076629639
9008,2,1.0,0.9987944066524506
9013,2,1.0,0.9989309310913086
9016,3,1.0,0.9989095528920492
9032,3,1.0,0.9988623658816019
9037,1,0.0,0.9994858503341675
9040,1,1.0,0.9989100694656372
9066,1,1.0,0.9988429546356201
9067,1,0.0,0.9995104074478149
9073,1,0.0,0.9993578791618347
9078,2,0.5,0.9990794658660889
9090,1,1.0,0.9988102912902832
9102,1,1.0,0.9988296627998352
9208,1,1.0,0.9989124536514282
9257,1,1.0,0.9962361454963684
9267,1,0.0,0.9975542426109314
9268,2,0.5,0.9939367473125458
9270,3,0.6666666666666666,0.9989740252494812
9271,2,0.5,0.9992031455039978
9273,2,0.0,0.9990427494049072
9276,3,0.6666666666666666,0.9975515405337015
9277,3,1.0,0.998908281326294
9279,2,1.0,0.9979389309883118
9281,4,1.0,0.9988649040460587
9294,1,0.0,0.9994497895240784
9303,3,1.0,0.9987725019454956
9304,2,1.0,0.9989233911037445
9306,2,0.5,0.9980193376541138
9312,4,0.5,0.9991967678070068
9313,1,0.0,0.9995112419128418
9314,3,1.0,0.9979912042617798
9322,2,1.0,0.9988901317119598
9323,2,1.0,0.9988400340080261
9325,2,1.0,0.9988624453544617
9326,3,0.6666666666666666,0.996777335802714
9327,2,0.5,0.9990879595279694
9331,2,1.0,0.9988937079906464
9333,1,1.0,0.9944890737533569
9334,3,0.3333333333333333,0.9992784460385641
9335,1,1.0,0.9968923926353455
9336,2,0.5,0.9991932213306427
9339,1,1.0,0.9988468885421753
9340,6,0.8333333333333334,0.9989925026893616
9342,2,1.0,0.9988705217838287
9344,1,1.0,0.997774064540863
9346,1,0.0,0.9988133907318115
9348,3,0.6666666666666666,0.9990462263425192
9349,2,0.5,0.9981704354286194
9350,3,0.6666666666666666,0.9991074403127035
9352,2,1.0,0.9987403750419617
9354,3,1.0,0.9972406228383383
9355,5,0.4,0.9963314056396484
9357,1,1.0,0.9989069700241089
9358,5,0.6,0.9982867002487182
9359,1,1.0,0.9988759160041809
9360,3,0.6666666666666666,0.9987750848134359
9361,2,1.0,0.9989126026630402
9362,7,1.0,0.9986586315291268
9367,2,1.0,0.9989122152328491
9372,1,1.0,0.9988137483596802
9374,2,1.0,0.9988602101802826
9383,6,0.8333333333333334,0.9981075723965963
9386,3,1.0,0.9988871614138285
9387,2,1.0,0.9954840540885925
9390,2,0.5,0.9963824450969696
9392,2,0.5,0.9978586733341217
9396,4,0.75,0.9989507347345352
9397,2,0.5,0.9978025555610657
9398,2,1.0,0.9927569031715393
9404,1,1.0,0.9988818764686584
9411,2,1.0,0.9988240301609039
9422,2,0.5,0.9986539483070374
9426,5,1.0,0.9979100823402405
9427,3,1.0,0.9989219109217325
9428,1,0.0,0.9995090961456299
9434,1,1.0,0.9989383816719055
9437,5,0.8,0.997800874710083
9440,1,1.0,0.9979815483093262
9443,1,0.0,0.9985480904579163
9444,1,1.0,0.9988546371459961
9447,1,1.0,0.9828650951385498
9451,4,1.0,0.9982002675533295
9452,1,0.0,0.9993939399719238
9461,3,0.6666666666666666,0.9990225831667582
9464,2,1.0,0.9988262951374054
9470,1,1.0,0.9989147186279297
9471,4,0.25,0.8916604667901993
9472,3,0.6666666666666666,0.9990539948145548
9473,1,0.0,0.9979300498962402
9475,2,0.5,0.9975076615810394
9476,2,1.0,0.9988977611064911
9479,2,0.5,0.9989181458950043
9480,4,0.5,0.9984335750341415
9481,5,0.6,0.9986610054969788
9482,1,1.0,0.9983307719230652
9486,2,0.5,0.9967141151428223
9487,4,0.5,0.9911903142929077
9493,6,1.0,0.9974480966726939
9494,1,1.0,0.9988906979560852
9495,5,1.0,0.9987834811210632
9502,5,1.0,0.9985038638114929
9504,4,1.0,0.9988646060228348
9506,1,1.0,0.9988038539886475
9509,4,0.75,0.9990279674530029
9516,1,1.0,0.9988853335380554
9522,1,0.0,0.999346911907196
9531,5,0.6,0.9990861773490906
9532,6,0.8333333333333334,0.9982484579086304
9533,3,1.0,0.9988906582196554
9543,4,0.75,0.9989755600690842
9549,1,1.0,0.9989029169082642
9550,1,1.0,0.9988850951194763
9552,3,0.6666666666666666,0.9990115761756897
9559,1,1.0,0.9951937794685364
9563,3,1.0,0.9988867243131002
9571,5,0.8,0.9977752685546875
9574,1,0.0,0.9995094537734985
9587,4,1.0,0.9985656291246414
9591,1,1.0,0.9989141225814819
9593,1,1.0,0.9988710284233093
9598,3,0.6666666666666666,0.9991250038146973
9600,1,1.0,0.9987770915031433
9602,5,1.0,0.9988630175590515
9603,4,1.0,0.9985734522342682
9607,1,0.0,0.9995085000991821
9609,1,1.0,0.9988710284233093
9611,1,0.0,0.9989526271820068
9612,3,1.0,0.9988833467165629
9614,3,0.6666666666666666,0.9985692898432413
9615,1,0.0,0.9983507394790649
9619,1,1.0,0.9858459830284119
9620,1,0.0,0.9995108842849731
9622,1,1.0,0.9985936284065247
9631,2,1.0,0.9989321827888489
9637,1,1.0,0.9841227531433105
9647,5,0.6,0.9990702629089355
9654,4,0.75,0.9986122101545334
9659,7,0.8571428571428571,0.9978190745626178
9662,1,1.0,0.9989137649536133
9663,3,1.0,0.9989177385965983
9665,4,0.75,0.9973916858434677
9671,3,1.0,0.9988649090131124
9675,1,1.0,0.9981904625892639
9678,2,1.0,0.9987800717353821
9679,4,0.75,0.9975409358739853
9691,2,0.0,0.9995049834251404
9693,6,0.8333333333333334,0.998839815457662
9705,1,1.0,0.993477463722229
9714,1,1.0,0.9985456466674805
9716,1,1.0,0.9988754391670227
9737,4,0.75,0.9984015971422195
9738,3,0.3333333333333333,0.9950559337933859
9739,2,0.5,0.9990145266056061
9740,2,0.5,0.9980896413326263
9741,5,1.0,0.9988654494285584
9772,6,0.6666666666666666,0.9964002768198649
9798,7,0.8571428571428571,0.9989805902753558
9799,5,0.8,0.9987670063972474
9800,6,1.0,0.9984399378299713
9801,3,0.0,0.9946559270222982
9802,5,0.8,0.9976380228996277
9804,3,0.6666666666666666,0.9991030295689901
9806,3,1.0,0.9986936450004578
9820,4,1.0,0.998670369386673
9824,1,0.0,0.9995118379592896
9825,8,1.0,0.9938300773501396
9826,2,0.5,0.998904287815094
9836,2,0.5,0.9965252876281738
9837,2,1.0,0.9987891614437103
9844,1,1.0,0.9985054731369019
9869,2,0.5,0.99918532371521
9870,2,1.0,0.9885610044002533
9873,2,0.5,0.9989466071128845
9880,2,1.0,0.9988384544849396
9886,2,0.0,0.9995006322860718
9889,4,1.0,0.9989088773727417
9894,2,0.5,0.9992014765739441
9896,2,0.5,0.9989734590053558
9905,2,1.0,0.9987497627735138
9909,2,1.0,0.9987029731273651
9919,4,0.75,0.9990345239639282
9928,1,1.0,0.9978341460227966
9942,3,1.0,0.9974146882692972
9944,1,1.0,0.9980043768882751
9946,4,0.75,0.9988960176706314
9955,2,0.5,0.9991715252399445
10003,5,0.6,0.9972262978553772
10020,2,1.0,0.9988949596881866
10054,1,0.0,0.969520092010498
10057,3,0.3333333333333333,0.9986436565717062
10061,3,0.3333333333333333,0.9982368350028992
10096,5,0.8,0.9987479686737061
10110,2,0.5,0.9990592002868652
10112,1,1.0,0.9988792538642883
10122,2,1.0,0.9988569021224976
10136,1,1.0,0.9989200830459595
10137,1,1.0,0.998749852180481
10138,11,0.36363636363636365,0.998780299316753
10139,2,1.0,0.9989306926727295
10141,3,1.0,0.9989193479220072
10149,1,1.0,0.9967077970504761
10153,3,0.6666666666666666,0.9990464647610983
10157,4,0.5,0.9841258376836777
10161,1,1.0,0.9989235997200012
10162,2,1.0,0.998823493719101
10163,2,0.5,0.9988020360469818
10189,2,0.5,0.9984857141971588
10191,7,1.0,0.9989238636834281
10193,6,0.8333333333333334,0.9987256129582723
10195,20,0.9,0.9984971135854721
10198,4,1.0,0.9977220594882965
10206,1,0.0,0.9990981817245483
10210,1,0.0,0.9992689490318298
10215,2,1.0,0.9986715912818909
10218,1,1.0,0.9989069700241089
10223,3,1.0,0.9988213976224264
10249,4,0.75,0.9989944100379944
10303,1,1.0,0.9987872242927551
10307,1,1.0,0.998865008354187
10315,5,1.0,0.9987430930137634
10322,2,1.0,0.9988372921943665
10327,2,0.5,0.9962064325809479
10328,2,1.0,0.9988681375980377
10329,2,0.5,0.9984126389026642
10330,2,1.0,0.9988568425178528
10331,3,0.3333333333333333,0.9989345868428549
10336,1,0.0,0.9994401335716248
10340,2,0.5,0.9960624277591705
10357,1,0.0,0.9909480214118958
10377,2,1.0,0.9988934695720673
10386,2,1.0,0.9989022612571716
10393,2,1.0,0.9988591074943542
10398,3,0.6666666666666666,0.9987212618192037
10400,1,1.0,0.9988524913787842
10402,2,0.5,0.9989356696605682
10403,2,1.0,0.9989092946052551
10404,2,1.0,0.9987441003322601
10409,3,1.0,0.9988949696222941
10414,1,1.0,0.9989151954650879
10427,2,1.0,0.9988380372524261
10428,2,1.0,0.9886307418346405
10436,1,0.0,0.9990468621253967
10437,4,1.0,0.9989115446805954
10439,6,0.5,0.999178558588028
10442,2,1.0,0.9985955059528351
10445,1,1.0,0.9988505840301514
10466,2,0.5,0.9992101788520813
10478,4,1.0,0.994978740811348
10480,1,1.0,0.9987950325012207
10493,2,0.5,0.9991121590137482
10495,3,0.0,0.9984184702237447
10501,1,0.0,0.9992538094520569
10502,1,1.0,0.997179388999939
10510,1,1.0,0.9988759160041809
10518,1,1.0,0.998815655708313
10528,3,1.0,0.9987834294637045
10530,3,0.6666666666666666,0.9990593791007996
10535,1,0.0,0.9995104074478149
10537,3,1.0,0.9975765943527222
10539,1,1.0,0.9989067316055298
10545,2,1.0,0.9987996220588684
10546,2,0.5,0.9989959597587585
10547,1,1.0,0.9989011287689209
10548,1,1.0,0.9961891770362854
10549,1,1.0,0.9988551139831543
10555,1,1.0,0.9958848357200623
10559,1,1.0,0.9989355206489563
10567,2,1.0,0.9978001415729523
10586,3,1.0,0.9965996543566386
10590,1,0.0,0.9972180128097534
10603,1,1.0,0.9988445043563843
10612,1,1.0,0.9988973140716553
10625,5,1.0,0.9988905310630798
10633,2,1.0,0.9988846778869629
10634,2,1.0,0.9978364408016205
10637,4,0.75,0.8802544176578522
10644,1,0.0,0.999035120010376
10647,1,1.0,0.9989064931869507
10658,2,0.5,0.9988487064838409
10669,5,0.8,0.9982624530792237
10673,2,1.0,0.9988639652729034
10674,3,0.6666666666666666,0.9954290986061096
10681,6,1.0,0.9989007314046224
10683,3,0.0,0.9936738014221191
10684,1,0.0,0.9995088577270508
10693,2,0.5,0.9989736378192902
10705,1,1.0,0.9989228844642639
10714,2,1.0,0.9989105463027954
10719,7,0.8571428571428571,0.9983807035854885
10731,1,1.0,0.9987645149230957
10747,4,1.0,0.9988037943840027
10764,12,0.4166666666666667,0.9975583006938299
10774,5,1.0,0.9988238930702209
10776,3,1.0,0.9983340700467428
10779,3,1.0,0.9987571636835734
10784,2,1.0,0.9969854652881622
10796,1,0.0,0.9995102882385254
10803,1,1.0,0.9980267882347107
10806,2,1.0,0.997633308172226
10830,2,1.0,0.9988945424556732
10849,1,1.0,0.9988884329795837
10858,1,1.0,0.9989045858383179
10860,3,0.6666666666666666,0.9971747597058614
10865,2,0.5,0.9992110729217529
10874,2,1.0,0.9988868832588196
10882,2,1.0,0.998881459236145
10895,1,1.0,0.9989224672317505
10907,2,1.0,0.9989038705825806
10911,1,1.0,0.9989064931869507
10948,1,0.0,0.9983968138694763
10950,1,1.0,0.9989244341850281
10990,2,0.0,0.9994877576828003
10997,1,1.0,0.9988935589790344
10998,1,1.0,0.9988896250724792
11000,2,1.0,0.9980988502502441
11003,2,1.0,0.9986709952354431
11004,2,1.0,0.9988711774349213
11005,1,1.0,0.9983003735542297
11008,1,1.0,0.998868465423584
11010,2,1.0,0.9988762438297272
11011,1,1.0,0.9769877195358276
11013,1,0.0,0.9978100657463074
11017,1,1.0,0.9987358450889587
11031,3,0.6666666666666666,0.9981898466746012
11036,4,1.0,0.9988330155611038
11040,2,1.0,0.9989026486873627
11050,1,0.0,0.9951300621032715
11062,3,0.6666666666666666,0.9990231990814209
11072,3,0.6666666666666666,0.9983530044555664
11104,4,0.75,0.999043732881546
11113,3,1.0,0.9972800811131796
11153,1,1.0,0.9988215565681458
11158,2,0.5,0.9989395141601562
11159,5,1.0,0.9981206178665161
11202,3,1.0,0.998773475488027
11216,4,1.0,0.9989093393087387
11224,2,1.0,0.9988285899162292
11228,1,0.0,0.9994581341743469
11231,3,0.6666666666666666,0.9977758725484213
11236,1,1.0,0.9988991022109985
11253,2,0.5,0.998770147562027
11257,2,1.0,0.9988272488117218
11282,2,1.0,0.9987792372703552
11287,1,1.0,0.9989252686500549
11310,1,1.0,0.9986416697502136
11314,3,0.6666666666666666,0.9989378452301025
11318,2,1.0,0.9988879859447479
11319,1,1.0,0.9988552331924438
11321,1,1.0,0.998828113079071
11324,10,0.8,0.9970864534378052
11327,2,0.5,0.99885293841362
11329,1,0.0,0.9994003772735596
11335,4,0.75,0.9950273633003235
11336,3,1.0,0.9988231857617696
11349,2,1.0,0.9988999962806702
11355,2,1.0,0.9989051818847656
11356,1,1.0,0.9989131689071655
11360,4,1.0,0.9984372705221176
11362,4,0.5,0.9989115744829178
11371,1,1.0,0.9988238215446472
11382,1,1.0,0.998857855796814
11393,3,1.0,0.9988574584325155
11395,1,1.0,0.9987686276435852
11397,3,0.3333333333333333,0.996222456296285
11411,5,0.2,0.9986485838890076
11412,2,1.0,0.9988564252853394
11418,1,0.0,0.9994933605194092
11446,1,1.0,0.9988634586334229
11448,2,1.0,0.9987963140010834
11498,4,1.0,0.9972076863050461
11499,3,0.6666666666666666,0.9977873762448629
11517,1,0.0,0.9995120763778687
11520,2,1.0,0.9989204108715057
11522,3,0.6666666666666666,0.9946442047754923
11527,3,1.0,0.9987310767173767
11529,1,1.0,0.9989339709281921
11543,1,1.0,0.9987271428108215
11544,4,1.0,0.997715413570404
11549,1,1.0,0.9988632202148438
11557,1,1.0,0.9988603591918945
11562,2,1.0,0.9988283514976501
11566,2,1.0,0.9987781345844269
11592,1,1.0,0.998779833316803
11593,1,1.0,0.9987543821334839
11601,1,1.0,0.9989206790924072
11618,1,0.0,0.9995052814483643
11621,1,1.0,0.9989288449287415
11622,4,1.0,0.9988623857498169
11631,5,0.6,0.9986743450164794
11635,1,1.0,0.9987589120864868
11639,2,0.5,0.9952105283737183
11645,1,0.0,0.979322612285614
11663,1,1.0,0.9988138675689697
11665,3,0.6666666666666666,0.9989809989929199
11674,5,0.6,0.9990116477012634
11678,3,0.3333333333333333,0.9989629586537679
11688,1,1.0,0.9988114833831787
11704,1,1.0,0.9989051818847656
11770,2,1.0,0.9989005923271179
11774,1,0.0,0.9994801878929138
11778,4,1.0,0.9988554120063782
11780,3,0.6666666666666666,0.9990783532460531
11787,4,1.0,0.9988095611333847
11808,2,0.5,0.9989161491394043
11815,2,1.0,0.9988458156585693
11816,1,1.0,0.9989118576049805
11827,1,0.0,0.999288022518158
11831,1,1.0,0.998688280582428
11843,1,1.0,0.9939547181129456
11860,1,0.0,0.9953820109367371
11873,1,1.0,0.9989094734191895
11878,3,1.0,0.9986057678858439
11881,2,1.0,0.9988003671169281
11886,2,1.0,0.9988944828510284
11929,3,0.6666666666666666,0.9990974068641663
11963,3,1.0,0.9988989233970642
11967,3,1.0,0.9988692005475363
11969,4,1.0,0.9988858103752136
11970,2,0.5,0.9991941154003143
11971,1,1.0,0.9989365935325623
11973,2,1.0,0.9988879263401031
11974,2,1.0,0.9988362193107605
11975,2,1.0,0.9988930523395538
11976,1,0.0,0.9984713196754456
11978,2,1.0,0.9988488256931305
12092,2,0.5,0.7980289161205292
12101,1,0.0,0.9971418976783752
12102,2,1.0,0.998712807893753
12104,2,1.0,0.9896357357501984
12106,4,0.75,0.9943639934062958
12110,4,1.0,0.9937511086463928
12123,2,0.0,0.999471515417099
12133,1,1.0,0.9988842606544495
12154,1,0.0,0.9995125532150269
12155,3,1.0,0.9986516038576762
12159,1,1.0,0.9960170388221741
12160,1,1.0,0.9955077171325684
12163,3,1.0,0.9988833069801331
12230,3,1.0,0.9988259474436442
12244,1,1.0,0.9987323880195618
12335,2,1.0,0.9988422691822052
12405,2,1.0,0.9989328980445862
12429,1,1.0,0.9988412261009216
12444,3,1.0,0.9989024003346761
12445,3,1.0,0.9989006916681925
12477,3,1.0,0.9988924463589987
12498,2,1.0,0.9988361597061157
12519,2,1.0,0.9933022558689117
12560,2,1.0,0.998801052570343
12596,1,1.0,0.998865008354187
12626,2,1.0,0.9987520277500153
12665,1,1.0,0.9988899827003479
13053,3,0.6666666666666666,0.9985779523849487
13183,5,1.0,0.9980728030204773
13203,1,0.0,0.9995038509368896
13223,3,1.0,0.9988702138264974
13310,2,1.0,0.9989189803600311
13342,1,1.0,0.9988871216773987
13363,4,0.75,0.9990498870611191
13448,3,0.6666666666666666,0.9989045262336731
13466,1,1.0,0.9989172220230103
13475,3,1.0,0.9960089524586996
13595,2,1.0,0.9983775615692139
13597,1,1.0,0.9988662004470825
13667,1,1.0,0.992610514163971
13685,2,0.5,0.9960730671882629
13701,1,1.0,0.9988698363304138
13804,1,1.0,0.9978637099266052
13809,3,0.6666666666666666,0.9990266561508179
13811,4,0.75,0.999044880270958
13820,1,1.0,0.9988775849342346
13885,1,1.0,0.9989137649536133
14160,6,0.6666666666666666,0.9891867240269979
14161,3,1.0,0.9978290398915609
14275,1,1.0,0.9988896250724792
14283,2,1.0,0.9988958537578583
14291,1,1.0,0.9988418221473694
14337,2,0.5,0.9990726113319397
14367,1,1.0,0.9988476037979126
14370,2,1.0,0.9983779788017273
14412,1,1.0,0.9989295601844788
14462,1,1.0,0.9988197684288025
14506,1,1.0,0.9987970590591431
14564,2,0.0,0.9994854032993317
14574,2,0.5,0.9990012645721436
14811,1,1.0,0.998916745185852
14836,3,1.0,0.9988616704940796
15037,2,1.0,0.9987264275550842
15121,3,1.0,0.9989060362180074
15144,2,1.0,0.9989023506641388
15196,6,1.0,0.9965502123037974
15472,2,1.0,0.9982458353042603
15764,1,1.0,0.9988988637924194
15765,2,1.0,0.9988886415958405
16320,4,0.75,0.9985927790403366
16614,1,1.0,0.9989131689071655
16619,1,1.0,0.9987496137619019
16859,2,1.0,0.9988823533058167
16869,5,1.0,0.998893141746521
16996,3,1.0,0.9988360404968262
17431,6,1.0,0.9987952808539072
17578,2,1.0,0.9987866878509521
17654,5,1.0,0.9988907814025879
18129,1,1.0,0.9988731741905212
18203,1,1.0,0.9988221526145935
18239,2,0.0,0.9987626373767853
18240,3,1.0,0.9986709753672282
18444,1,1.0,0.9988975524902344
18785,1,0.0,0.9964220523834229
18971,1,1.0,0.9980120658874512
19186,3,1.0,0.9964567224184672
19908,4,0.75,0.9989026933908463
19913,3,0.3333333333333333,0.9581440885861715
19959,2,1.0,0.9943299293518066
19995,4,0.5,0.9978026747703552
20156,2,0.5,0.9989830851554871
20352,2,1.0,0.9988988935947418
20504,3,0.6666666666666666,0.9990593393643697
20526,5,0.6,0.9989808201789856
20766,5,1.0,0.9966510891914367
22538,4,0.75,0.9990471005439758
22625,1,1.0,0.9988338351249695
22794,1,1.0,0.9986534118652344
22803,2,1.0,0.998471200466156
22881,2,1.0,0.9988997578620911
22947,3,0.3333333333333333,0.9988058805465698
22970,5,0.6,0.9991326689720154
23048,1,1.0,0.9899486303329468
23168,4,1.0,0.99883833527565
23210,1,1.0,0.9988441467285156
23483,3,0.3333333333333333,0.9967972238858541
23629,4,0.75,0.9990331828594208
23827,3,0.0,0.9955045382181803
24021,1,1.0,0.9987062215805054
24428,20,0.9,0.9988728106021881
24795,1,1.0,0.9915346503257751
26748,2,1.0,0.9988689720630646
27205,8,1.0,0.9979906901717186
27576,3,1.0,0.9985607067743937
27578,2,0.5,0.9990777969360352
29193,2,1.0,0.9988152980804443
30197,2,1.0,0.9987650215625763
30497,4,0.5,0.9972400367259979
31011,3,0.6666666666666666,0.9991005857785543
31174,1,0.0,0.997877836227417
32513,1,1.0,0.9988995790481567
33542,1,0.0,0.9973275661468506
34544,3,0.3333333333333333,0.9992566704750061
34584,2,1.0,0.9988992214202881
36557,13,0.8461538461538461,0.9982567246143634
36586,6,0.8333333333333334,0.998198519150416
36593,3,0.6666666666666666,0.9990427096684774
36643,8,0.375,0.9992314130067825
36647,7,0.8571428571428571,0.9959195171083722
36648,8,0.375,0.9953111559152603
36657,5,0.6,0.9975966215133667
36658,5,1.0,0.9988191366195679
36668,5,0.4,0.9992058753967286
36669,7,0.42857142857142855,0.9986314688410077
36685,4,0.75,0.9975293725728989
36955,5,1.0,0.9951677441596984
37094,2,0.5,0.9980425536632538
37135,4,0.75,0.9990186989307404
37136,5,1.0,0.9987468719482422
37137,3,1.0,0.9977865815162659
37165,10,0.9,0.9987292170524598
37233,3,1.0,0.9988500674565634
37247,2,0.5,0.7852101624011993
37686,6,0.8333333333333334,0.9989144802093506
37724,13,0.7692307692307693,0.9990067802942716
37735,4,0.75,0.9965793788433075
37799,4,1.0,0.9988734573125839
38055,1,1.0,0.9989157915115356
38356,3,0.0,0.9990382194519043
38700,8,0.375,0.9983421787619591
38757,4,1.0,0.9988987743854523
39254,2,0.5,0.9992026090621948
39514,3,0.6666666666666666,0.9949378371238708
39538,4,0.75,0.9989645034074783
39939,1,1.0,0.9988228678703308
40807,1,1.0,0.9988512992858887
41154,4,0.5,0.9989104866981506
43074,14,0.42857142857142855,0.998937691961016
44115,6,0.5,0.9991646309693655
44214,1,1.0,0.9988484382629395
44264,4,0.75,0.9989591687917709
44826,1,1.0,0.9988675117492676
44896,3,1.0,0.9985745151837667
44912,3,0.6666666666666666,0.9988810817400614
45243,1,1.0,0.9986347556114197
45269,3,1.0,0.9986089468002319
45317,2,1.0,0.9988938271999359
45612,2,1.0,0.9989051222801208
46838,3,1.0,0.9988760948181152
47933,4,0.5,0.9978820532560349
47971,4,0.0,0.9990076124668121
49026,10,0.9,0.9989741563796997
49040,3,1.0,0.9988561073939005
49046,8,0.875,0.9989567548036575
49047,6,0.8333333333333334,0.9989273548126221
49049,8,0.625,0.9988075271248817
49051,7,0.8571428571428571,0.9979883091790336
49444,7,0.7142857142857143,0.9989595838955471
49521,6,0.6666666666666666,0.9986059963703156
49529,6,0.5,0.9864100217819214
49530,4,1.0,0.9988864362239838
49538,6,0.8333333333333334,0.9989753266175588
49849,3,0.0,0.9963295857111613
50014,5,0.8,0.9982641220092774
50348,1,1.0,0.998908519744873
50456,4,0.75,0.9989453852176666
50544,2,0.5,0.9991724193096161
50646,3,1.0,0.9988586902618408
51497,3,1.0,0.998740037282308
51540,3,1.0,0.998646100362142
51876,1,1.0,0.9989315867424011
54138,4,0.5,0.9871212989091873
55721,3,0.3333333333333333,0.9992205103238424
55931,2,0.5,0.9976851344108582
56292,3,1.0,0.9988800684611002
57158,7,0.7142857142857143,0.9986141664641244
58431,4,0.5,0.9983643442392349
58574,2,0.5,0.9991046786308289
59436,4,1.0,0.9989078640937805
59440,4,0.75,0.9973029792308807
59967,7,0.2857142857142857,0.9988143529210772
60308,5,0.8,0.999012005329132
61791,1,1.0,0.998908281326294
62177,4,1.0,0.9966239482164383
62211,4,1.0,0.9986700713634491
62215,2,1.0,0.9987042248249054
64635,5,0.6,0.9959675788879394
64682,5,0.8,0.9798167705535888
64688,2,1.0,0.9987786114215851
64690,7,0.8571428571428571,0.9970833829471043
65057,3,0.6666666666666666,0.9991229375203451
65754,1,1.0,0.9989283680915833
68718,8,1.0,0.9987558722496033
68721,13,0.5384615384615384,0.9987667340498704
68724,5,1.0,0.9966448187828064
68726,10,0.9,0.9985094785690307
68730,1,0.0,0.999032735824585
68734,6,1.0,0.998828113079071
68735,7,0.5714285714285714,0.9986894471304757
68924,1,1.0,0.9988706707954407
70160,7,0.7142857142857143,0.9983104297092983
70981,7,0.5714285714285714,0.9617744854518345
72105,3,0.6666666666666666,0.9979702631632487
72190,4,0.75,0.9928778558969498
72976,5,0.8,0.999004316329956
75612,7,0.42857142857142855,0.999022364616394
75656,9,0.7777777777777778,0.9980218278037177
75780,4,0.75,0.9966112524271011
76170,20,0.75,0.9987659752368927
76203,5,1.0,0.9988891839981079
76338,20,0.5,0.9977717787027359
76341,13,0.8461538461538461,0.9986125826835632
76492,4,0.5,0.9991187304258347
76600,18,0.6111111111111112,0.9987316363387637
76726,3,0.6666666666666666,0.9988248745600382
77338,1,1.0,0.9988242983818054
80274,3,0.3333333333333333,0.9986086289087931
81310,1,1.0,0.9988264441490173
82690,5,0.6,0.9990292549133301
82693,4,1.0,0.9988944083452225
82702,3,1.0,0.998906155427297
83533,14,0.6428571428571429,0.9950380623340607
83542,4,0.75,0.994780495762825
84892,3,1.0,0.9988935788472494
85350,3,0.6666666666666666,0.9980950554211935
86838,4,0.75,0.9987407922744751
87421,5,0.6,0.9978373169898986
87502,2,1.0,0.9979734420776367
87827,3,0.6666666666666666,0.9991124868392944
93456,3,1.0,0.9988346695899963
94329,4,0.75,0.9988884329795837
95610,4,1.0,0.9988209754228592
96721,3,1.0,0.9988361994425455
97630,2,0.0,0.9994690716266632
99861,20,0.65,0.9976916283369064
100402,13,1.0,0.998815669463231
101299,5,0.6,0.9985247015953064
102382,6,0.0,0.9994105299313863
102651,9,1.0,0.9988486501905653
102899,12,1.0,0.9986466368039449
103663,5,0.6,0.9982602596282959
106646,8,0.625,0.997526004910469
107985,6,0.6666666666666666,0.9967342217763265
109414,4,0.75,0.9985117167234421
109424,6,1.0,0.9986961384614309
109445,7,0.5714285714285714,0.9983043585504804
110415,4,0.75,0.9990158081054688
114150,6,0.8333333333333334,0.9984204272429148
116745,4,0.75,0.9990287274122238
118340,14,1.0,0.9987989791801998
119450,3,1.0,0.9988849560419718
120467,2,1.0,0.996708869934082
121856,8,0.375,0.9979006424546242
122906,5,0.8,0.9988900065422058
122917,6,0.5,0.9979939758777618
124905,7,0.5714285714285714,0.9985053283827645
126889,16,0.4375,0.9963009469211102
127380,3,0.6666666666666666,0.9991040229797363
127585,7,0.8571428571428571,0.997112010206495
131631,3,0.3333333333333333,0.9991345802942911
131634,5,0.2,0.9993543148040771
135397,13,0.5384615384615384,0.9804236522087684
136799,3,0.6666666666666666,0.9982432723045349
137106,2,1.0,0.9987997710704803
137113,12,0.9166666666666666,0.9984927773475647
138832,1,1.0,0.9984971284866333
138843,6,1.0,0.9988938868045807
140300,6,1.0,0.9985964298248291
140420,2,1.0,0.9988834857940674
140607,9,0.6666666666666666,0.9988050725724962
141052,20,0.5,0.9985570907592773
146198,3,0.3333333333333333,0.9945971568425497
146233,11,0.9090909090909091,0.9989074902100996
150540,11,1.0,0.9988621148196134
152532,2,1.0,0.9988949000835419
152601,8,0.875,0.9747226238250732
153518,2,0.5,0.9992074370384216
156022,5,1.0,0.998789381980896
157336,19,0.8421052631578947,0.9989784108965021
157350,6,0.16666666666666666,0.9979049066702524
157433,4,0.25,0.9977120608091354
166426,5,0.4,0.993300449848175
166428,17,0.9411764705882353,0.9987132829778335
168259,3,1.0,0.9956023295720419
168672,3,0.6666666666666666,0.9990076025327047
173897,7,0.42857142857142855,0.9766565305846078
177572,16,1.0,0.9985564798116684
177677,4,1.0,0.9988340139389038
180863,3,0.6666666666666666,0.9985217253367106
181808,18,0.3333333333333333,0.9977742665343814
181812,17,0.23529411764705882,0.9818666086477392
187017,2,1.0,0.9988084435462952
188927,8,0.625,0.9987174272537231
190859,2,1.0,0.9989191591739655
194662,5,0.8,0.9984717249870301
198184,1,1.0,0.9989245533943176
198663,7,0.7142857142857143,0.9989506431988308
203801,8,0.75,0.9988767802715302
205584,6,0.3333333333333333,0.9967550039291382
205596,4,0.75,0.9975689649581909
206487,8,1.0,0.9988852292299271
206647,10,0.4,0.9983806490898133
207703,8,0.875,0.9989806935191154
207932,2,0.5,0.9990980625152588
209112,13,0.6153846153846154,0.998885608636416
210577,6,1.0,0.9988388319810232
213681,2,0.5,0.9991249740123749
222935,4,1.0,0.9978693425655365
223702,5,0.2,0.9978618741035461
228150,6,0.8333333333333334,0.9968017141024271
238713,4,0.75,0.9990536421537399
240832,6,0.6666666666666666,0.9990890026092529
241259,5,0.6,0.9985399961471557
242582,6,1.0,0.9987127284208933
244786,10,0.7,0.998448622226715
245703,3,1.0,0.998499313990275
245891,17,0.8823529411764706,0.9989012900520774
246655,9,0.3333333333333333,0.9991006321377225
246741,3,1.0,0.9987850586573283
254320,5,1.0,0.9988765716552734
257211,4,1.0,0.9967908561229706
258230,3,1.0,0.998043974240621
258489,3,0.6666666666666666,0.9976238210995992
259316,6,0.5,0.9991411169370016
259693,7,0.7142857142857143,0.9990075741495404
259694,2,1.0,0.9989083409309387
260513,4,1.0,0.9987064450979233
260514,6,0.6666666666666666,0.9974760512510935
262504,5,0.4,0.9989081621170044
263115,14,0.8571428571428571,0.9984379921640668
264644,4,1.0,0.998844251036644
264660,5,0.8,0.9985401630401611
266856,4,1.0,0.9988318979740143
267193,3,0.3333333333333333,0.9993102153142294
267860,5,0.2,0.9990765452384949
267935,3,0.3333333333333333,0.999021053314209
268896,5,0.6,0.9987287640571594
269149,13,1.0,0.9989186571194575
270303,4,1.0,0.9965454787015915
270487,3,0.6666666666666666,0.9965724349021912
271110,20,0.9,0.9988676458597183
271969,4,0.25,0.9993450939655304
273248,9,0.7777777777777778,0.998848663436042
273481,10,1.0,0.9988802433013916
274855,5,0.2,0.9959120988845825
274857,5,0.8,0.998675525188446
274870,5,1.0,0.9983664393424988
277834,4,1.0,0.9985198229551315
278154,5,0.6,0.9965368747711182
278924,4,0.5,0.9976806044578552
278927,6,1.0,0.9987746278444926
280217,1,1.0,0.9981908202171326
281338,5,0.8,0.998442554473877
281957,10,1.0,0.9983653962612152
282035,10,0.2,0.9990832388401032
283366,8,0.75,0.9982210248708725
283995,20,0.85,0.9988954871892929
284052,20,0.9,0.9988287001848221
284053,20,0.4,0.9977104753255844
284054,19,0.6842105263157895,0.9983040627680326
285923,2,0.5,0.9982181191444397
286217,8,0.875,0.9967287108302116
287947,10,0.8,0.9983649015426636
290098,3,1.0,0.9988506038983663
290250,5,1.0,0.9981614470481872
290595,2,0.5,0.9877080917358398
290859,12,0.6666666666666666,0.9980484793583552
291805,5,0.4,0.9976595282554627
291870,2,0.0,0.9995006918907166
292011,6,1.0,0.9985586404800415
293167,8,0.75,0.9988041967153549
293660,13,0.8461538461538461,0.9988532570692209
293670,5,0.6,0.9989066481590271
294272,5,0.8,0.9987231969833374
295693,3,0.6666666666666666,0.9981371363004049
296096,1,1.0,0.9988306164741516
296098,7,1.0,0.9988816210201809
296524,3,1.0,0.9983482559521993
297761,10,0.2,0.9988401651382446
297762,13,0.8461538461538461,0.99706265101066
297802,13,0.6923076923076923,0.9987611770629883
298250,1,1.0,0.9951855540275574
298618,11,0.6363636363636364,0.9990828254006126
299054,5,0.2,0.9992368459701538
299534,19,0.47368421052631576,0.9987547240759197
299536,17,0.8823529411764706,0.998630940914154
299537,19,0.3684210526315789,0.9986816425072519
299687,9,0.3333333333333333,0.9977329240904914
300668,6,1.0,0.9970563352108002
300669,5,0.8,0.9990203022956848
300671,5,0.8,0.9986860513687134
300673,3,1.0,0.9965603947639465
301337,1,0.0,0.9995054006576538
301365,7,0.5714285714285714,0.99599860395704
301528,6,0.8333333333333334,0.9987303018569946
301804,3,0.6666666666666666,0.9971329569816589
302156,2,0.0,0.9963030517101288
302401,5,0.8,0.9986845135688782
302699,2,1.0,0.9988347887992859
302946,4,1.0,0.9989160448312759
303858,2,1.0,0.9988952577114105
303991,2,0.5,0.9948500096797943
305470,4,0.25,0.9849227964878082
306947,5,0.8,0.9990036249160766
308266,1,1.0,0.9989074468612671
308531,5,0.4,0.9980972886085511
309886,3,1.0,0.9969298839569092
310131,6,1.0,0.9985455572605133
310307,3,1.0,0.9983122746149699
311324,6,0.16666666666666666,0.9989905258019766
313297,4,1.0,0.9989055395126343
313369,11,1.0,0.9972047101367604
313922,2,1.0,0.9987832307815552
314095,4,0.5,0.99915911257267
314365,5,0.8,0.9989421963691711
315011,1,1.0,0.998866081237793
315162,8,1.0,0.9989086985588074
315635,10,0.8,0.9988653302192688
315837,7,0.2857142857142857,0.9920826724597386
316023,3,0.3333333333333333,0.9981355468432108
316029,6,0.8333333333333334,0.998964269955953
316152,2,1.0,0.9989036619663239
316727,2,1.0,0.998809278011322
318781,1,1.0,0.998909592628479
318846,3,1.0,0.9989111423492432
319888,2,1.0,0.9989096522331238
320288,14,0.21428571428571427,0.9984044304915837
321258,5,0.6,0.9990583062171936
321612,8,0.875,0.998648539185524
323675,2,0.5,0.9991492927074432
323677,1,1.0,0.9988396763801575
324552,11,0.8181818181818182,0.9989274089986627
324668,3,0.3333333333333333,0.9983331759770712
324786,8,0.875,0.9986028969287872
324849,3,1.0,0.9988380670547485
324852,5,0.0,0.9983626961708069
324857,20,0.95,0.9988761365413665
325133,1,0.0,0.9995150566101074
325789,1,1.0,0.9988675117492676
328111,4,0.75,0.9973665028810501
328387,1,1.0,0.9951931238174438
329440,6,0.0,0.9982338746388754
329833,3,0.3333333333333333,0.9978024363517761
329865,12,0.8333333333333334,0.9971420218547186
329996,8,0.5,0.998730331659317
330457,9,0.8888888888888888,0.9984341661135355
330459,12,0.9166666666666666,0.9988905588785807
330483,1,0.0,0.9994912147521973
331313,2,0.5,0.9914934933185577
331482,7,0.5714285714285714,0.9962409564426967
332210,2,1.0,0.9986486434936523
332562,4,0.5,0.9991066604852676
332567,7,0.7142857142857143,0.9981976747512817
333339,13,0.6923076923076923,0.9970219547931964
333371,5,1.0,0.9989013195037841
333484,9,1.0,0.9977822303771973
334524,1,1.0,0.998916506767273
334533,3,1.0,0.9989036917686462
334541,4,0.75,0.999044805765152
334543,4,0.75,0.9974125474691391
335787,9,0.7777777777777778,0.9948083692126803
335796,4,0.5,0.9991924464702606
335797,3,1.0,0.9988151987393697
335977,14,0.42857142857142855,0.9990567650113787
335983,11,0.7272727272727273,0.998734940182079
335984,13,0.6153846153846154,0.9950617505953863
335988,5,0.2,0.9981069326400757
336843,2,0.5,0.998887836933136
337167,4,0.0,0.9991498440504074
337170,2,1.0,0.9989286065101624
337339,6,0.5,0.9986194570859274
337401,4,0.5,0.9991869777441025
337404,9,0.8888888888888888,0.9988942808575101
337674,2,0.5,0.9991928040981293
338762,6,0.3333333333333333,0.998718778292338
338766,3,1.0,0.998911182085673
338952,8,0.375,0.9980103671550751
338953,7,0.14285714285714285,0.9973908577646527
338967,4,0.75,0.999042883515358
338970,6,0.5,0.9990462164084116
339397,1,1.0,0.9988744854927063
339403,13,0.8461538461538461,0.9984435805907617
339692,3,1.0,0.9980731209119161
339846,5,0.4,0.9991312861442566
339964,9,0.6666666666666666,0.9977227846781412
339967,3,1.0,0.9989047646522522
339988,3,0.3333333333333333,0.9991600314776102
340102,5,0.4,0.9990614175796508
340666,5,1.0,0.9982592701911926
340837,6,0.6666666666666666,0.9990604619185129
341006,1,1.0,0.9988885521888733
341013,6,0.8333333333333334,0.9965757131576538
341174,4,0.5,0.9979870319366455
342470,1,1.0,0.9989125728607178
342473,1,1.0,0.9988526105880737
343611,4,0.5,0.9988882690668106
343668,4,0.75,0.9989800006151199
343674,1,1.0,0.9989263415336609
345887,2,1.0,0.9988767802715302
345911,4,1.0,0.9989049732685089
345920,1,1.0,0.9988968372344971
345938,4,0.5,0.999079093337059
345940,5,0.2,0.9984274864196777
346364,11,0.9090909090909091,0.9988295652649619
346648,4,1.0,0.998912125825882
346672,8,0.25,0.9486028999090195
346685,5,0.6,0.9957217931747436
346698,18,0.6666666666666666,0.9990590148501926
346910,11,0.18181818181818182,0.9991849931803617
347031,2,0.5,0.9985312521457672
347375,1,0.0,0.9994901418685913
348350,9,0.7777777777777778,0.9973020487361484
351211,4,0.0,0.9989879429340363
351286,10,0.2,0.9972439050674439
351460,2,0.5,0.9991865456104279
353070,3,1.0,0.9989071687062582
353081,8,0.875,0.9388480558991432
353486,8,0.75,0.9987318515777588
353491,8,0.5,0.9979297071695328
353616,5,0.4,0.9980245709419251
354912,5,1.0,0.9989104628562927
356305,1,0.0,0.9969338178634644
359410,4,0.75,0.9990612417459488
359724,9,0.8888888888888888,0.9986351397302415
359940,3,1.0,0.9988969763120016
360920,6,0.6666666666666666,0.9989577233791351
361292,7,0.8571428571428571,0.9943405134337289
361743,19,0.8947368421052632,0.9984066800067299
363088,11,0.5454545454545454,0.9941081892360341
363676,6,0.8333333333333334,0.9984815617402395
364689,2,1.0,0.9979263544082642
365942,2,0.5,0.9991841018199921
369192,3,0.6666666666666666,0.9978850881258646
369557,2,1.0,0.9989178776741028
369885,2,1.0,0.9989176690578461
369972,5,0.8,0.998756217956543
370172,8,0.375,0.9992266371846199
370755,5,1.0,0.9954616069793701
371638,1,1.0,0.9987591505050659
371645,3,1.0,0.9989238778750101
372058,8,0.875,0.9989784955978394
372343,2,0.0,0.9992399215698242
373571,10,0.5,0.998842579126358
374720,13,0.46153846153846156,0.998280969949869
375262,7,0.7142857142857143,0.9974355867930821
375366,1,1.0,0.9988470077514648
375588,3,0.0,0.9995018641153971
376290,1,1.0,0.9989056587219238
376570,5,1.0,0.9954592227935791
376659,3,1.0,0.9988480011622111
376660,3,1.0,0.9988433519999186
376866,1,1.0,0.9989256262779236
376867,3,1.0,0.9983976284662882
377264,5,0.8,0.9967942595481872
378064,5,1.0,0.9989046573638916
378236,4,0.5,0.9991744607686996
379149,2,1.0,0.998707115650177
379686,4,0.5,0.9989519566297531
381283,7,0.42857142857142855,0.9987349850790841
381284,4,0.5,0.9991421401500702
381288,8,0.75,0.9990531653165817
381289,2,1.0,0.9988971948623657
381341,1,1.0,0.9988915324211121
381719,1,1.0,0.9989352822303772
382322,5,0.4,0.9985976576805115
383498,9,0.8888888888888888,0.9977787269486321
384018,7,0.7142857142857143,0.9986471278326852
384521,3,0.0,0.9993658065795898
384677,1,1.0,0.9989206790924072
384680,3,0.6666666666666666,0.9989306926727295
384682,1,1.0,0.99830162525177
385103,4,0.25,0.9990683495998383
385128,11,0.36363636363636365,0.9991392384875905
385687,10,0.6,0.9988561332225799
387426,1,1.0,0.9989380240440369
388399,3,1.0,0.9989263614018759
389015,6,1.0,0.9989102284113566
389053,2,1.0,0.9975743889808655
390043,5,1.0,0.9960507154464722
390062,4,0.5,0.9992013871669769
391713,9,0.6666666666666666,0.9988725516531203
392044,5,0.4,0.9991346836090088
393457,1,1.0,0.9987908005714417
393519,5,1.0,0.9988620519638062
394117,4,0.75,0.9989280849695206
395458,2,0.0,0.9973250329494476
395834,7,1.0,0.9988838178770882
395990,6,0.5,0.9953664243221283
395991,1,1.0,0.9989303946495056
395992,7,0.7142857142857143,0.998076856136322
396371,4,1.0,0.9988652616739273
396422,4,0.75,0.9519673734903336
396461,3,1.0,0.9974119265874227
396535,5,1.0,0.9986890554428101
396806,4,0.75,0.998046264052391
397243,7,0.7142857142857143,0.998814480645316
397422,3,0.3333333333333333,0.9987757007280985
397837,3,1.0,0.9981818199157715
398173,2,0.5,0.9987668097019196
398181,3,0.6666666666666666,0.9990914662679037
398818,4,0.75,0.9990508854389191
398978,6,0.8333333333333334,0.9988023738066355
399019,2,1.0,0.9987453520298004
399035,3,0.0,0.9967234134674072
399055,8,1.0,0.9985090419650078
399057,7,0.7142857142857143,0.9982648917606899
399106,1,1.0,0.9988682270050049
399170,2,1.0,0.9988413751125336
399174,2,0.5,0.9959399998188019
399360,2,0.5,0.9958863854408264
399361,1,0.0,0.9917311072349548
399366,4,1.0,0.9988222867250443
399402,3,0.3333333333333333,0.9993114670117696
399404,7,0.8571428571428571,0.9986643706049237
399566,13,0.6923076923076923,0.99903627542349
399579,10,0.9,0.9984862804412842
400106,6,0.6666666666666666,0.9990733762582144
400155,3,0.6666666666666666,0.9990675846735636
400160,1,1.0,0.9983736276626587
400535,3,1.0,0.998043974240621
400617,4,0.75,0.9986981004476547
400650,3,0.6666666666666666,0.999060849348704
400710,5,0.2,0.9984854221343994
400928,5,0.8,0.9980017900466919
401104,1,1.0,0.9987234473228455
401246,2,0.5,0.9991075992584229
401469,5,0.6,0.9642220735549927
401981,4,0.5,0.9988979697227478
402431,11,0.9090909090909091,0.9981856021014127
402897,3,1.0,0.9965217709541321
402900,4,0.75,0.9989310801029205
403119,4,0.5,0.9991208165884018
404368,5,0.4,0.9992427349090576
405774,4,0.75,0.9988910257816315
406563,1,0.0,0.999492883682251
406759,8,0.375,0.998132586479187
406761,5,0.6,0.9979329347610474
406990,4,0.75,0.9990078210830688
406994,5,1.0,0.9984888434410095
406997,1,1.0,0.9986280202865601
407436,2,0.0,0.9992794692516327
407448,2,0.5,0.9991782307624817
407451,5,0.2,0.9976313710212708
411088,4,1.0,0.9988134503364563
412117,3,0.3333333333333333,0.9992581208546957
412656,5,0.4,0.9981449365615844
414906,20,0.75,0.9984968602657318
415842,5,0.2,0.9993236660957336
416144,3,0.6666666666666666,0.9989931980768839
416234,2,0.0,0.9995105266571045
416477,5,0.6,0.9981741189956665
417320,1,1.0,0.9984820485115051
417384,8,0.375,0.9982349053025246
417678,1,1.0,0.9988993406295776
418078,4,0.5,0.9989479035139084
419430,13,0.7692307692307693,0.9988861083984375
419478,1,1.0,0.9989194869995117
419479,6,0.8333333333333334,0.9988735318183899
419680,2,1.0,0.9963285326957703
419704,12,0.6666666666666666,0.999074121316274
420634,5,0.2,0.9975598454475403
420809,5,0.6,0.998899519443512
420814,2,1.0,0.99885094165802
420817,6,0.6666666666666666,0.9990915358066559
420818,5,0.4,0.9989601373672485
423108,4,0.75,0.9982551485300064
423204,5,0.4,0.9991511821746826
424121,4,0.5,0.9992006123065948
424139,10,0.5,0.9972600877285004
424694,8,0.625,0.9979388862848282
424781,4,0.75,0.9980540871620178
424783,4,0.75,0.9970242828130722
425274,4,0.0,0.9992677420377731
425909,7,0.8571428571428571,0.9847777826445443
425972,3,0.3333333333333333,0.9989688197771708
426063,12,0.6666666666666666,0.9918902268012365
426426,1,1.0,0.9989136457443237
426543,3,0.3333333333333333,0.9993139306704203
427641,3,1.0,0.9898627003033956
428078,4,0.5,0.9992052763700485
428449,3,0.6666666666666666,0.9989075064659119
429197,5,0.8,0.9983399510383606
429200,4,1.0,0.9988949000835419
429300,1,1.0,0.9989350438117981
429351,3,0.6666666666666666,0.9988887906074524
429415,2,0.5,0.9989255368709564
429617,14,0.7142857142857143,0.9982524641922542
431530,5,0.6,0.9977430105209351
431580,2,1.0,0.9989031255245209
431693,5,0.6,0.9989735007286071
433310,2,1.0,0.9987598657608032
433498,1,1.0,0.9981807470321655
433808,8,0.875,0.9979726821184158
436270,17,0.5882352941176471,0.9981994453598472
436969,17,0.8823529411764706,0.9982110822902006
437557,1,1.0,0.9989196062088013
437586,1,1.0,0.9982191920280457
438148,6,0.8333333333333334,0.9986385405063629
438631,16,0.5625,0.998893141746521
438650,5,1.0,0.9985633969306946
438695,1,1.0,0.9989120960235596
438799,4,0.75,0.9986214637756348
439015,3,0.0,0.9991137186686198
439079,9,0.3333333333333333,0.9991499914063348
440021,7,0.8571428571428571,0.9987475531441825
440161,4,0.25,0.9989749938249588
442062,2,0.0,0.9990378022193909
442249,1,1.0,0.9988652467727661
443791,9,0.7777777777777778,0.999009456899431
445571,5,1.0,0.9978531718254089
445629,1,1.0,0.9988306164741516
445651,2,0.5,0.9980580806732178
446021,7,0.5714285714285714,0.9983637588364738
446354,4,0.75,0.994158536195755
446893,3,0.3333333333333333,0.9992663860321045
446894,1,1.0,0.9989093542098999
447200,5,0.6,0.9981257915496826
447273,17,0.7058823529411765,0.9953909341026755
447277,6,0.8333333333333334,0.9989471236864725
447332,12,0.8333333333333334,0.9987571934858958
447362,1,0.0,0.9986706972122192
447365,7,0.8571428571428571,0.997878645147596
447404,6,1.0,0.9984977145989736
448119,3,0.0,0.9995127518971761
449176,3,0.6666666666666666,0.9965038895606995
449443,5,0.8,0.9984423160552979
449562,4,0.0,0.9995066821575165
449563,1,1.0,0.9988414645195007
449924,1,1.0,0.9987488985061646
450465,6,1.0,0.9988005459308624
451048,11,0.8181818181818182,0.9988461299376055
451915,3,0.6666666666666666,0.9989572366078695
452507,3,0.6666666666666666,0.999032199382782
452832,5,0.4,0.9986641883850098
453201,2,0.0,0.998810887336731
453395,17,0.6470588235294118,0.9982335672659033
453405,7,0.42857142857142855,0.996212261063712
454227,2,1.0,0.9988656938076019
454626,11,0.8181818181818182,0.9971986521374095
454639,11,0.6363636363636364,0.9989608851346102
454640,1,1.0,0.9989206790924072
454992,3,1.0,0.9988021850585938
455207,3,1.0,0.9988423784573873
455980,2,1.0,0.9988228976726532
456740,8,0.375,0.998993806540966
457136,6,0.0,0.9992949167887369
457335,4,0.5,0.9989527314901352
457799,4,0.5,0.9949873238801956
458156,15,0.8,0.9989075779914856
458220,2,1.0,0.9988799691200256
458305,9,0.4444444444444444,0.9986416896184286
458576,4,0.5,0.998539611697197
458594,1,1.0,0.9988870024681091
458723,9,0.7777777777777778,0.995432714621226
458897,6,0.16666666666666666,0.9991870522499084
459151,2,0.5,0.9988154768943787
459992,4,0.75,0.9980338215827942
460019,3,0.3333333333333333,0.99926229317983
460458,5,0.2,0.9963269352912902
460465,13,0.6923076923076923,0.9989487666350144
460885,11,0.6363636363636364,0.9979069991545244
461130,5,0.6,0.9988317370414734
463257,4,0.75,0.997580885887146
463272,2,0.5,0.9988451600074768
463684,2,1.0,0.9988968074321747
463821,3,0.6666666666666666,0.9991200168927511
464052,15,0.4,0.9991319259007772
465136,1,1.0,0.9989296793937683
466272,15,0.7333333333333333,0.9986202279726665
466420,13,0.6153846153846154,0.9976789859625009
467244,12,0.8333333333333334,0.9989588807026545
467660,3,0.3333333333333333,0.9982480406761169
467938,4,0.75,0.9963957667350769
473033,9,0.6666666666666666,0.9989579187499152
474350,13,0.6153846153846154,0.9974767749126141
475210,3,0.3333333333333333,0.9991700053215027
475303,2,0.5,0.9951381385326385
475430,5,0.0,0.9995067596435547
475557,19,0.9473684210526315,0.9981277145837483
476299,2,0.0,0.9995065927505493
476669,4,0.5,0.9988757073879242
479455,8,0.5,0.9988136291503906
480414,5,0.6,0.9989308834075927
480530,5,0.2,0.9989661812782288
481084,4,0.25,0.9989534318447113
481848,6,0.5,0.9988062878449758
482373,1,1.0,0.9988742470741272
483184,3,1.0,0.9962549010912577
483906,3,0.6666666666666666,0.9963525533676147
484247,5,1.0,0.998790693283081
484468,2,0.0,0.9950442016124725
484641,5,0.4,0.999120581150055
484718,2,0.5,0.9982984066009521
486131,2,0.5,0.9887745678424835
486947,3,1.0,0.9989294608434042
487558,5,0.8,0.998954975605011
489925,3,1.0,0.9989010890324911
489999,7,1.0,0.9988059997558594
490132,7,0.7142857142857143,0.998631979737963
491418,1,1.0,0.9989386200904846
491480,1,1.0,0.9989218711853027
491584,2,1.0,0.9986916780471802
492188,7,0.8571428571428571,0.9989481227738517
493529,8,1.0,0.9988850876688957
493922,8,0.75,0.9984893426299095
495764,19,0.5263157894736842,0.9989490383549741
496243,16,0.9375,0.9988753236830235
497582,4,1.0,0.9988847374916077
497698,13,0.6153846153846154,0.9987159692324125
497828,6,0.6666666666666666,0.9984376827875773
499701,3,1.0,0.9987282951672872
499932,3,0.6666666666666666,0.9959968527158102
500664,6,1.0,0.9988689025243124
500682,4,1.0,0.9971914291381836
500840,2,1.0,0.9987172782421112
501170,7,0.5714285714285714,0.998916242803846
501907,4,1.0,0.9989137798547745
501929,4,0.75,0.9989723861217499
502033,4,1.0,0.9989145249128342
502356,12,0.5833333333333334,0.9991117616494497
502416,2,0.0,0.9986644089221954
503314,1,1.0,0.9986376166343689
503736,8,0.625,0.9984725266695023
503919,8,1.0,0.9988864064216614
504172,7,1.0,0.9978298374584743
504562,3,0.6666666666666666,0.9981977343559265
504608,4,0.75,0.997399091720581
504949,3,0.3333333333333333,0.9990483323733012
505026,10,0.2,0.9976185202598572
505058,4,1.0,0.9988249838352203
505192,1,1.0,0.9989308714866638
505600,11,0.6363636363636364,0.9984230724248019
505642,12,0.5,0.9984292238950729
505948,2,1.0,0.9988507032394409
507076,2,1.0,0.9983271360397339
507086,13,0.3076923076923077,0.9984738551653348
507089,11,0.8181818181818182,0.9985021352767944
508439,7,0.7142857142857143,0.9980083533695766
508442,9,1.0,0.998811748292711
508883,4,0.75,0.9988705813884735
508943,5,0.6,0.9974462985992432
508947,10,0.8,0.9964441657066345
508965,3,1.0,0.9988824923833212
509967,3,0.6666666666666666,0.9987744092941284
511809,4,0.75,0.9938313215970993
511987,7,0.7142857142857143,0.9989616785730634
512195,5,0.4,0.999055802822113
512196,3,0.6666666666666666,0.9985408782958984
512200,5,0.8,0.99896080493927
512895,2,0.5,0.9992020428180695
513310,4,0.75,0.9975407123565674
514847,10,0.7,0.9982919335365296
515001,13,1.0,0.9987309345832238
515195,4,0.5,0.9992018491029739
516486,6,0.6666666666666666,0.991239974896113
517814,2,1.0,0.9983333051204681
519010,2,1.0,0.998926043510437
519182,7,0.14285714285714285,0.9994152699198041
520663,2,0.5,0.999222069978714
520763,9,0.6666666666666666,0.9989948603841994
521029,6,0.16666666666666666,0.9993240932623545
521777,5,0.6,0.9986059784889221
522162,7,0.5714285714285714,0.9989679115159171
522212,2,1.0,0.9989133477210999
522402,5,1.0,0.9987369179725647
522518,1,1.0,0.9972997307777405
522627,5,1.0,0.9986592769622803
522681,5,0.8,0.9988417506217957
522924,1,1.0,0.9989107847213745
522931,5,0.6,0.9990128636360168
522938,7,0.7142857142857143,0.9982346892356873
523139,4,0.5,0.9986603111028671
524047,4,0.75,0.9938065707683563
524251,5,0.6,0.9990639567375184
524434,11,0.36363636363636365,0.9988965012810447
525661,3,0.6666666666666666,0.9922470847765604
526896,9,0.4444444444444444,0.9992141922314962
527261,3,0.0,0.99715522925059
527435,4,0.25,0.998811349272728
527774,8,1.0,0.9988944083452225
529203,4,1.0,0.99891197681427
529216,2,1.0,0.9989132881164551
530385,13,0.38461538461538464,0.9982217183479896
530915,18,0.9444444444444444,0.9975759784380595
531219,5,0.6,0.9991372942924499
531309,6,0.8333333333333334,0.9989044864972433
531428,5,1.0,0.9987956762313843
532639,5,0.0,0.9989952802658081
533533,11,0.45454545454545453,0.9987556392496283
533535,20,0.75,0.9817344039678574
533642,4,0.75,0.999005913734436
535292,4,1.0,0.9988376200199127
535581,3,0.3333333333333333,0.9988067944844564
536554,11,0.7272727272727273,0.9986532438885082
537116,3,1.0,0.9989313284556071
537915,3,0.6666666666666666,0.9989386399586996
537996,1,1.0,0.9987691044807434
539537,4,0.25,0.999350056052208
539681,2,0.5,0.9992154538631439
539885,7,0.5714285714285714,0.9989652293069022
539972,7,0.5714285714285714,0.9991404329027448
540901,1,1.0,0.9989175796508789
541671,9,0.5555555555555556,0.998986177974277
542178,6,0.8333333333333334,0.9987858136494955
545609,9,0.7777777777777778,0.9986404842800565
545611,18,0.7777777777777778,0.9988880621062385
546121,4,0.75,0.995928555727005
546554,15,0.8666666666666667,0.9988373438517253
547016,4,0.5,0.999128594994545
548473,8,0.625,0.9982206150889397
549053,4,0.75,0.999015748500824
549509,6,0.8333333333333334,0.9988256593545278
550988,9,0.6666666666666666,0.9991183810763888
551332,2,1.0,0.9989011883735657
551804,4,0.75,0.9986107498407364
552178,3,0.6666666666666666,0.9972781538963318
552524,5,0.6,0.9990219116210938
553604,3,0.3333333333333333,0.9958759546279907
555604,7,1.0,0.9983409132276263
556678,6,1.0,0.9988852441310883
556694,4,0.75,0.9990543723106384
556803,3,0.6666666666666666,0.9969654679298401
556984,5,1.0,0.9983728408813477
558449,14,0.42857142857142855,0.9984138182231358
559907,5,0.8,0.9989679455757141
559969,1,0.0,0.9995059967041016
560057,4,0.75,0.9990674406290054
565028,4,0.75,0.893253892660141
565770,8,0.5,0.9982574060559273
566525,8,0.875,0.9988247528672218
567189,3,0.3333333333333333,0.9940984050432841
567609,16,0.9375,0.998612143099308
567748,4,0.75,0.9990314245223999
568091,4,0.5,0.999057412147522
568124,5,1.0,0.9987716674804688
568160,2,1.0,0.9989295601844788
568620,7,0.2857142857142857,0.9991744756698608
569094,10,0.7,0.9985514521598816
569547,1,1.0,0.9987552165985107
570670,15,0.6666666666666666,0.9988616784413655
572802,9,0.3333333333333333,0.9991206526756287
573435,9,0.6666666666666666,0.9975011282496982
574475,11,0.8181818181818182,0.9987522959709167
575264,15,0.8,0.9988431731859843
575265,13,0.6153846153846154,0.9991061504070575
576845,8,0.875,0.9982369616627693
577922,18,0.6666666666666666,0.9914017352792952
578701,5,0.6,0.9970082640647888
579047,4,0.25,0.999308317899704
579974,8,0.875,0.9989831149578094
580175,3,1.0,0.9988773663838705
580489,10,0.7,0.9959276735782623
581032,5,0.4,0.9978798627853394
581392,6,0.16666666666666666,0.9986358284950256
581600,1,0.0,0.9995019435882568
581726,4,0.25,0.9908065795898438
581734,4,1.0,0.9986309260129929
582014,5,1.0,0.9968502163887024
583083,2,0.0,0.9994685351848602
583406,6,1.0,0.9988191525141398
585083,2,0.0,0.9993223547935486
585216,3,0.6666666666666666,0.9946854909261068
585245,1,0.0,0.9995095729827881
585511,4,0.5,0.9986183345317841
587792,7,1.0,0.9988795093127659
587807,4,0.25,0.9985093623399734
588228,5,0.8,0.9990413427352905
590223,4,1.0,0.9976015686988831
591273,1,1.0,0.9989025592803955
591274,1,1.0,0.9989147186279297
593643,14,0.5714285714285714,0.9990342301981789
594767,7,0.5714285714285714,0.9985263092177254
597208,7,0.7142857142857143,0.9980825696672712
597891,3,0.6666666666666666,0.9985426863034567
599975,3,0.0,0.9995108048121134
600354,8,1.0,0.9988778978586197
600583,6,0.6666666666666666,0.9979589879512787
601666,2,0.5,0.999211460351944
602223,2,0.5,0.9982813000679016
602269,9,0.5555555555555556,0.9981814026832581
602734,4,0.25,0.9991212487220764
603692,18,0.6666666666666666,0.9980077313052284
604079,8,0.625,0.9919377043843269
605116,4,0.25,0.996611550450325
606856,3,1.0,0.9981304009755453
609681,11,0.5454545454545454,0.9991409616036848
610150,1,1.0,0.9872698783874512
610253,4,0.25,0.998545229434967
613504,4,0.25,0.9991638958454132
614479,1,0.0,0.9994986057281494
614560,7,0.7142857142857143,0.9920925412859235
614696,2,1.0,0.9989202916622162
614911,1,1.0,0.9989041090011597
614917,6,1.0,0.9976328512032827
614930,5,0.8,0.999010705947876
614933,6,0.3333333333333333,0.9992620448271433
614934,9,0.6666666666666666,0.999063061343299
615457,14,0.8571428571428571,0.9987573155335018
615469,6,0.5,0.9990670581658682
615643,3,1.0,0.9989049434661865
615656,5,0.2,0.9993858814239502
615665,4,0.75,0.9988328665494919
615777,5,0.8,0.9981913208961487
616037,15,0.5333333333333333,0.9985503832499186
616820,8,0.375,0.9992628619074821
617126,11,0.9090909090909091,0.998269341208718
617505,1,1.0,0.9957608580589294
617653,5,0.8,0.9988741755485535
618344,2,1.0,0.9922099709510803
619264,9,0.6666666666666666,0.9990291198094686
619730,7,0.5714285714285714,0.9976268495832171
619778,8,0.625,0.999119222164154
619979,4,0.25,0.9993180930614471
623491,1,1.0,0.9989141225814819
624860,12,0.25,0.9989448438088099
625450,2,0.0,0.9993939101696014
625568,5,0.4,0.9982235789299011
626735,2,1.0,0.9987280368804932
629176,4,0.5,0.999205693602562
629542,6,0.6666666666666666,0.9931186238924662
631842,9,0.6666666666666666,0.9989296926392449
631843,6,0.3333333333333333,0.9983418385187784
632357,1,0.0,0.999508261680603
632727,7,0.2857142857142857,0.9978517719677517
634492,9,0.3333333333333333,0.9980740613407559
634528,2,1.0,0.9988895654678345
634649,15,0.8666666666666667,0.9988848209381104
635302,3,0.6666666666666666,0.994215746720632
635731,8,0.875,0.9988763481378555
635910,9,0.4444444444444444,0.9979849921332465
637649,9,0.6666666666666666,0.9981800582673814
638974,2,1.0,0.9988709390163422
639720,7,0.5714285714285714,0.9991455333573478
639933,12,0.6666666666666666,0.9989913354317347
640146,13,0.5384615384615384,0.9981966431324298
642885,2,0.5,0.9948789775371552
644495,6,0.5,0.9990253845850626
645886,1,1.0,0.9989355206489563
646097,7,0.7142857142857143,0.9990293979644775
646207,2,0.5,0.9989902675151825
646380,5,1.0,0.998806631565094
646385,9,0.7777777777777778,0.9988366431660123
646389,8,0.75,0.998523622751236
648579,7,1.0,0.9989054543631417
649609,10,0.4,0.9935811758041382
653346,10,0.8,0.9988611221313477
656690,3,0.3333333333333333,0.9956449866294861
660120,2,1.0,0.998919814825058
661374,13,0.8461538461538461,0.9970102676978478
663712,6,0.6666666666666666,0.9982111354668936
664413,4,0.0,0.9995109140872955
664469,4,0.5,0.9985659718513489
666277,6,0.8333333333333334,0.9989895025889078
667538,8,0.75,0.9935226961970329
670292,12,0.6666666666666666,0.9986409544944763
674324,6,1.0,0.9989145795504252
675353,8,1.0,0.9985684156417847
677179,6,0.6666666666666666,0.9983643690745035
678512,6,0.5,0.9991613030433655
682507,10,1.0,0.9988538563251496
687163,20,0.7,0.998977717757225
693134,16,0.6875,0.9987887442111969
695721,7,0.5714285714285714,0.9986051491328648
696506,7,0.7142857142857143,0.9990749870027814
696806,8,1.0,0.9988399669528008
697843,5,1.0,0.9951355934143067
698687,4,1.0,0.9989073276519775
700391,7,0.14285714285714285,0.9977975487709045
701387,10,0.9,0.9988913893699646
705861,1,1.0,0.9989258646965027
713704,10,0.7,0.9984336376190186
716612,6,0.5,0.997393955787023
718032,6,0.8333333333333334,0.9989818930625916
718789,7,0.7142857142857143,0.9982649258204869
718821,9,0.5555555555555556,0.9975911908679538
718930,11,1.0,0.997376414862546
722778,2,1.0,0.9989186823368073
724209,3,0.0,0.9994229078292847
724495,6,0.8333333333333334,0.998773992061615
725201,8,0.5,0.9977409541606903
726209,13,0.46153846153846156,0.9990874024537894
726759,5,0.8,0.9988862156867981
734265,2,1.0,0.9979403018951416
736526,3,1.0,0.9988541007041931
739405,5,0.4,0.9992132425308228
740985,3,0.6666666666666666,0.998985747496287
744275,3,0.3333333333333333,0.9992688894271851
746036,9,0.6666666666666666,0.9987842440605164
747188,7,0.42857142857142855,0.9991377336638314
752623,8,0.75,0.9987775161862373
753342,11,0.09090909090909091,0.9986665357242931
755566,6,0.6666666666666666,0.9990967015425364
756999,11,0.7272727272727273,0.9989031011408026
758323,6,0.5,0.9989189704259237
760104,9,0.6666666666666666,0.9990804592768351
760161,1,0.0,0.9994974136352539
760741,8,0.375,0.9986863434314728
760883,1,1.0,0.9988138675689697
762441,10,0.5,0.9990167737007141
762504,11,0.6363636363636364,0.9987314722754739
762509,3,0.6666666666666666,0.9990556041399637
763215,9,0.4444444444444444,0.9982786642180549
763285,8,0.375,0.9991863444447517
766507,13,0.5384615384615384,0.9981297025313745
774752,3,1.0,0.9988672137260437
774825,1,0.0,0.9995114803314209
775996,1,0.0,0.9995118379592896
776503,5,0.8,0.9960686445236206
777270,4,0.75,0.999054804444313
777443,4,0.5,0.9992034882307053
785084,8,1.0,0.9988861232995987
786892,14,0.7142857142857143,0.9957034800733838
787699,10,0.9,0.9989499986171723
787752,4,1.0,0.9989035874605179
791177,6,1.0,0.998540977636973
791373,16,0.75,0.9987810477614403
792307,12,0.9166666666666666,0.9988988439242045
796499,1,0.0,0.9994970560073853
798645,10,0.4,0.9972474753856659
799583,5,0.8,0.9989068984985352
800158,6,0.5,0.998760720094045
800815,1,0.0,0.9925349950790405
803796,9,0.6666666666666666,0.9976624978913201
804095,5,0.8,0.998065197467804
804150,11,0.45454545454545453,0.9975475072860718
810693,1,1.0,0.9988775849342346
812583,6,0.8333333333333334,0.9979255894819895
818397,2,0.5,0.9979821443557739
818647,1,0.0,0.9991508722305298
822119,8,0.625,0.998653806746006
823219,9,0.6666666666666666,0.9985425472259521
823464,17,0.47058823529411764,0.997863744988161
829280,3,1.0,0.9988820354143778
829557,2,0.0,0.9993305802345276
840326,11,0.8181818181818182,0.9979478283361956
840430,10,0.7,0.9985097110271454
840705,8,0.875,0.9988670647144318
843527,5,0.8,0.9985029458999634
845781,6,0.6666666666666666,0.9990812937418619
848326,10,0.5,0.998542720079422
848538,8,0.25,0.999340295791626
866398,9,0.3333333333333333,0.9968660672505697
868759,4,0.25,0.9986172765493393
870028,5,0.4,0.9992639660835266
872585,20,0.75,0.998684823513031
882569,7,0.8571428571428571,0.9989794833319527
882598,13,0.6923076923076923,0.9990404064838703
884605,8,0.75,0.999047540128231
889737,11,0.18181818181818182,0.9988374330780723
899082,1,1.0,0.9989187717437744
899112,9,1.0,0.9988962544335259
906126,6,0.8333333333333334,0.9989235897858938
911430,9,0.8888888888888888,0.9987748397721185
912649,8,0.375,0.9988346844911575
913290,8,0.625,0.9981699213385582
915935,6,0.8333333333333334,0.9989754060904185
916224,2,0.5,0.9979149401187897
917496,8,0.625,0.9989526942372322
926393,8,0.625,0.9960316345095634
929590,13,0.6923076923076923,0.9984910992475656
930564,8,0.875,0.998718373477459
931285,9,0.4444444444444444,0.9987252950668335
933260,13,0.6923076923076923,0.9990411905141977
934433,8,0.5,0.9988181293010712
936075,5,0.8,0.9967820644378662
937278,7,0.7142857142857143,0.9990723133087158
937287,7,0.8571428571428571,0.9990007281303406
938614,4,0.75,0.9990115463733673
939243,3,0.6666666666666666,0.9964398543039957
940551,3,0.6666666666666666,0.9974226554234823
940721,11,0.8181818181818182,0.9988499825650995
945729,6,0.5,0.9976406892140707
945961,14,0.6428571428571429,0.999108591250011
949423,7,0.8571428571428571,0.9989369085856846
950387,10,0.7,0.9988590836524963
950396,8,0.875,0.9989864453673363
951491,4,1.0,0.9986602067947388
964980,5,1.0,0.9989204645156861
965150,5,0.6,0.9991201758384705
967847,4,0.5,0.9989565759897232
968051,5,0.2,0.9992575526237488
969681,14,0.5714285714285714,0.9977992177009583
974576,7,0.7142857142857143,0.9989508390426636
974635,6,0.8333333333333334,0.9982384343942007
974950,5,0.6,0.9990928411483765
976573,7,0.8571428571428571,0.9989211814744132
976893,6,0.8333333333333334,0.9989590247472128
980489,4,0.75,0.9986073076725006
985939,9,0.7777777777777778,0.9957443475723267
986056,16,0.5625,0.9988027103245258
1005331,9,0.5555555555555556,0.9990395704905192
1007734,6,0.5,0.9987155795097351
1007757,4,1.0,0.9985449463129044
1008042,6,0.8333333333333334,0.9989949464797974
1010581,1,0.0,0.9995009899139404
1011985,8,0.5,0.9985358342528343
1022789,10,0.8,0.9989827096462249
1022796,3,0.6666666666666666,0.9980942408243815
1029575,1,0.0,0.9994496703147888
1032823,13,0.38461538461538464,0.9992424891545222
1034541,5,0.8,0.9983542561531067
1035259,10,0.8,0.9984256446361541
1038392,5,0.4,0.9992085814476013
1041613,4,0.25,0.9981084764003754
1054867,12,0.9166666666666666,0.9982542792956034
1061474,19,0.631578947368421,0.9987492592711198
1062722,13,0.7692307692307693,0.9988617988733145
1064213,8,0.75,0.9971632957458496
1071215,5,0.4,0.9990271806716919
1072790,3,0.6666666666666666,0.9990823070208231
1078605,12,0.75,0.9969836870829264
1079091,5,0.8,0.9896004915237426
1081003,11,0.5454545454545454,0.9976750829003074
1083381,16,0.375,0.992615133523941
1084199,7,1.0,0.9988954663276672
1084242,4,1.0,0.9989098608493805
1084244,5,1.0,0.9985628247261047
1084736,3,1.0,0.9988206426302592
1086747,5,0.4,0.9990035772323609
1087192,4,0.75,0.9958626925945282
1087891,5,0.4,0.9992261171340943
1100782,9,0.8888888888888888,0.9989198181364272
1100988,12,0.4166666666666667,0.9989134271939596
1106739,6,0.8333333333333334,0.9974065820376078
1111873,12,0.9166666666666666,0.9971915930509567
1114513,7,0.7142857142857143,0.9989991358348301
1138194,6,0.6666666666666666,0.9990672469139099
1151031,7,1.0,0.9987226384026664
1184918,7,1.0,0.9988973311015538
1195506,3,0.6666666666666666,0.9991071025530497
1197306,8,0.5,0.9991966485977173
1198994,9,0.8888888888888888,0.9959263536665175
1226578,8,0.875,0.998831570148468
1226863,10,0.7,0.9965764999389648
1228710,8,0.625,0.99820826202631
1233413,20,0.8,0.9976601302623749
1234821,17,0.4117647058823529,0.9989642115200267
1236153,5,0.4,0.9990105628967285
1241982,2,0.5,0.9982897639274597
1242898,11,0.6363636363636364,0.998917427929965
1265609,8,0.625,0.9960069581866264
1272837,11,0.8181818181818182,0.998880451375788
1273221,7,0.14285714285714285,0.9987735492842538
1275779,15,0.3333333333333333,0.9980233828226726
1290821,6,0.8333333333333334,0.9984740018844604
1301421,8,0.75,0.9990359097719193
1304313,10,0.6,0.9988316714763641
1306368,8,0.625,0.998544804751873
1311031,5,1.0,0.9982173562049865
1314481,5,0.4,0.998673415184021
1317288,5,0.8,0.997285807132721
1318447,6,0.3333333333333333,0.9993094901243845
1325734,6,1.0,0.9929748376210531
1327819,6,0.8333333333333334,0.997410257657369
1339713,13,0.7692307692307693,0.9963462811249953
1368166,10,0.8,0.9988279640674591
1368337,20,0.6,0.997618955373764
1439930,3,0.3333333333333333,0.9984663724899292
