tmdbId,person_id,name,job
278,4027,Frank Darabont,Director
13,24,Robert Zemeckis,Director
680,138,Quentin Tarantino,Director
603,9340,Lana Wachowski,Director
603,9339,Lilly Wachowski,Director
274,16294,Jonathan Demme,Director
11,1,George Lucas,Director
550,7467,David Fincher,Director
329,488,Steven Spielberg,Director
424,488,Steven Spielberg,Director
120,108,Peter Jackson,Director
1891,10930,Irvin Kershner,Director
197,2461,Mel Gibson,Director
862,7879,John Lasseter,Director
280,2710,James Cameron,Director
629,9032,Bryan Singer,Director
1892,19800,Richard Marquand,Director
121,108,Peter Jackson,Director
122,108,Peter Jackson,Director
85,488,Steven Spielberg,Director
238,1776,Francis Ford Coppola,Director
14,39,Sam Mendes,Director
807,7467,David Fincher,Director
105,24,Robert Zemeckis,Director
155,525,Christopher Nolan,Director
857,488,Steven Spielberg,Director
275,1223,Joel Coen,Director
27205,525,Christopher Nolan,Director
98,578,Ridley Scott,Director
602,6046,Roland Emmerich,Director
5503,12989,Andrew Davis,Director
745,11614,M. Night Shyamalan,Director
568,6159,Ron Howard,Director
63,280,Terry Gilliam,Director
808,5524,Andrew Adamson,Director
808,12058,Vicky Jenson,Director
77,525,Christopher Nolan,Director
8587,15812,Roger Allers,Director
8587,18898,Rob Minkoff,Director
489,5216,Gus Van Sant,Director
812,15810,Ron Clements,Director
812,15811,John Musker,Director
268,510,Tim Burton,Director
22,1704,Gore Verbinski,Director
607,5174,Barry Sonnenfeld,Director
1637,2209,Jan de Bont,Director
36955,2710,James Cameron,Director
218,2710,James Cameron,Director
2493,3026,Rob Reiner,Director
581,1269,Kevin Costner,Director
137,1524,Harold Ramis,Director
762,10707,Terry Jones,Director
762,280,Terry Gilliam,Director
89,488,Steven Spielberg,Director
78,578,Ridley Scott,Director
12,7,Andrew Stanton,Director
585,12890,Pete Docter,Director
597,2710,James Cameron,Director
562,1090,John McTiernan,Director
348,578,Ridley Scott,Director
24,138,Quentin Tarantino,Director
510,3974,Miloš Forman,Director
38,201,Michel Gondry,Director
37165,2690,Peter Weir,Director
500,138,Quentin Tarantino,Director
194,2419,Jean-Pierre Jeunet,Director
240,1776,Francis Ford Coppola,Director
954,1150,Brian De Palma,Director
3049,4499,Tom Shadyac,Director
769,1032,Martin Scorsese,Director
101,59,Luc Besson,Director
272,525,Christopher Nolan,Director
9806,7087,Brad Bird,Director
10020,62047,Gary Trousdale,Director
10020,62048,Kirk Wise,Director
161,1884,Steven Soderbergh,Director
453,6159,Ron Howard,Director
601,488,Steven Spielberg,Director
18,59,Luc Besson,Director
36657,9032,Bryan Singer,Director
854,26713,Chuck Russell,Director
10681,7,Andrew Stanton,Director
788,10965,Chris Columbus,Director
114,1201,Garry Marshall,Director
73,814,Tony Kaye,Director
497,4027,Frank Darabont,Director
679,2710,James Cameron,Director
640,488,Steven Spielberg,Director
694,240,Stanley Kubrick,Director
557,7623,Sam Raimi,Director
1572,1090,John McTiernan,Director
180,488,Steven Spielberg,Director
620,8858,Ivan Reitman,Director
1893,1,George Lucas,Director
2501,11694,Doug Liman,Director
393,138,Quentin Tarantino,Director
157336,525,Christopher Nolan,Director
9802,865,Michael Bay,Director
185,240,Stanley Kubrick,Director
8467,7396,Peter Farrelly,Director
103,1032,Martin Scorsese,Director
1726,15277,Jon Favreau,Director
14160,12890,Pete Docter,Director
115,1223,Joel Coen,Director
115,1224,Ethan Coen,Director
492,5953,Spike Jonze,Director
9598,58137,Chris Noonan,Director
62,240,Stanley Kubrick,Director
141,1577,Richard Kelly,Director
664,2209,Jan de Bont,Director
627,2034,Danny Boyle,Director
414,5572,Joel Schumacher,Director
1422,1032,Martin Scorsese,Director
2164,6046,Roland Emmerich,Director
752,11266,James McTeigue,Director
19995,2710,James Cameron,Director
16869,138,Quentin Tarantino,Director
671,10965,Chris Columbus,Director
771,10965,Chris Columbus,Director
9377,11505,John Hughes,Director
146,1614,Ang Lee,Director
129,608,Hayao Miyazaki,Director
380,8246,Barry Levinson,Director
1124,525,Christopher Nolan,Director
2118,323,Curtis Hanson,Director
935,240,Stanley Kubrick,Director
863,7879,John Lasseter,Director
252,3451,Mel Stuart,Director
28,1776,Francis Ford Coppola,Director
107,956,Guy Ritchie,Director
600,240,Stanley Kubrick,Director
710,10702,Martin Campbell,Director
251,3415,Jerry Zucker,Director
8358,24,Robert Zemeckis,Director
289,4109,Michael Curtiz,Director
858,9248,Nora Ephron,Director
68718,138,Quentin Tarantino,Director
628,17016,Neil Jordan,Director
673,11218,Alfonso Cuarón,Director
9804,8300,Kevin Reynolds,Director
9331,13015,Phillip Noyce,Director
207,2690,Peter Weir,Director
9603,57434,Amy Heckerling,Director
49026,525,Christopher Nolan,Director
712,10723,Mike Newell,Director
672,10965,Chris Columbus,Director
604,9340,Lana Wachowski,Director
604,9339,Lilly Wachowski,Director
637,4818,Roberto Benigni,Director
2108,11505,John Hughes,Director
134,1223,Joel Coen,Director
2105,3289,Paul Weitz,Director
949,638,Michael Mann,Director
544,7396,Peter Farrelly,Director
544,7395,Bobby Farrelly,Director
87,488,Steven Spielberg,Director
578,488,Steven Spielberg,Director
630,9049,Victor Fleming,Director
641,6431,Darren Aronofsky,Director
11324,1032,Martin Scorsese,Director
817,6737,Jay Roach,Director
8844,4945,Joe Johnston,Director
162,510,Tim Burton,Director
1542,17403,Mike Judge,Director
165,24,Robert Zemeckis,Director
2062,7087,Brad Bird,Director
286217,578,Ridley Scott,Director
187,2294,Robert Rodriguez,Director
187,2293,Frank Miller,Director
2292,19303,Kevin Smith,Director
6950,5231,Wolfgang Petersen,Director
193,2380,David Carson,Director
36557,10702,Martin Campbell,Director
816,6737,Jay Roach,Director
1934,18844,John Madden,Director
1894,1,George Lucas,Director
6977,1223,Joel Coen,Director
6977,1224,Ethan Coen,Director
235,3026,Rob Reiner,Director
639,3026,Rob Reiner,Director
583,10707,Terry Jones,Director
37233,2226,Sydney Pollack,Director
2898,3388,James L. Brooks,Director
539,2636,Alfred Hitchcock,Director
558,7623,Sam Raimi,Director
782,8685,Andrew Niccol,Director
2503,25598,Paul Greengrass,Director
861,10491,Paul Verhoeven,Director
747,11090,Edgar Wright,Director
106646,1032,Martin Scorsese,Director
9487,7879,John Lasseter,Director
95,865,Michael Bay,Director
9390,11649,Cameron Crowe,Director
118340,15218,James Gunn,Director
241,1152,Oliver Stone,Director
24428,12891,Joss Whedon,Director
153,1769,Sofia Coppola,Director
1417,10828,Guillermo del Toro,Director
1669,1090,John McTiernan,Director
674,10723,Mike Newell,Director
196,24,Robert Zemeckis,Director
809,5524,Andrew Adamson,Director
809,12079,Kelly Asbury,Director
809,12080,Conrad Vernon,Director
9479,57646,Henry Selick,Director
686,24,Robert Zemeckis,Director
2502,25598,Paul Greengrass,Director
9350,16938,Renny Harlin,Director
12405,2034,Danny Boyle,Director
598,8557,Fernando Meirelles,Director
1642,11472,Irwin Winkler,Director
856,24,Robert Zemeckis,Director
1597,6737,Jay Roach,Director
8963,893,Tony Scott,Director
773,16960,Valerie Faris,Director
773,16959,Jonathan Dayton,Director
279,3974,Miloš Forman,Director
2064,12962,Jon Turteltaub,Director
813,12936,Jim Abrahams,Director
813,3415,Jerry Zucker,Director
813,12987,David Zucker,Director
567,2636,Alfred Hitchcock,Director
9273,4489,Steve Oedekerk,Director
1271,15217,Zack Snyder,Director
8012,5174,Barry Sonnenfeld,Director
17654,82194,Neill Blomkamp,Director
1895,1,George Lucas,Director
4011,510,Tim Burton,Director
36658,9032,Bryan Singer,Director
205596,77965,Morten Tyldum,Director
100,956,Guy Ritchie,Director
7326,52443,Jason Reitman,Director
744,893,Tony Scott,Director
525,4610,John Landis,Director
786,11649,Cameron Crowe,Director
2280,14911,Penny Marshall,Director
425,5713,Chris Wedge,Director
754,11401,John Woo,Director
605,9339,Lilly Wachowski,Director
605,9340,Lana Wachowski,Director
11000,5342,Mike Nichols,Director
2048,21085,Alex Proyas,Director
18785,57130,Todd Phillips,Director
2649,7467,David Fincher,Director
9208,11401,John Woo,Director
293660,55252,Tim Miller,Director
9614,17494,Dennis Dugan,Director
564,7775,Stephen Sommers,Director
429,4385,Sergio Leone,Director
15,40,Orson Welles,Director
9800,16294,Jonathan Demme,Director
7443,7314,Nick Park,Director
7443,53304,Peter Lord,Director
2667,26849,Daniel Myrick,Director
2667,26850,Eduardo Sánchez,Director
423,3556,Roman Polanski,Director
623,8929,Charles Crichton,Director
451,6111,Mike Figgis,Director
1624,4499,Tom Shadyac,Director
37247,5342,Mike Nichols,Director
524,1032,Martin Scorsese,Director
955,11401,John Woo,Director
4584,1614,Ang Lee,Director
104,1071,Tom Tykwer,Director
199,2388,Jonathan Frakes,Director
941,7187,Richard Donner,Director
587,510,Tim Burton,Director
9327,4499,Tom Shadyac,Director
389,39996,Sidney Lumet,Director
687,504,Tim Robbins,Director
462,1884,Steven Soderbergh,Director
120467,5655,Wes Anderson,Director
150540,12890,Pete Docter,Director
58,1704,Gore Verbinski,Director
4327,36425,McG,Director
170,2034,Danny Boyle,Director
37799,7467,David Fincher,Director
76341,20629,George Miller,Director
13475,15344,J.J. Abrams,Director
11450,4135,Robert Redford,Director
675,11343,David Yates,Director
563,10491,Paul Verhoeven,Director
767,11343,David Yates,Director
12444,11343,David Yates,Director
9741,11614,M. Night Shyamalan,Director
9473,34517,Trey Parker,Director
9739,58838,Marco Brambilla,Director
1954,20218,Eric Bress,Director
1954,20219,J. Mackye Gruber,Director
75,510,Tim Burton,Director
106,1090,John McTiernan,Director
829,3556,Roman Polanski,Director
9693,11218,Alfonso Cuarón,Director
1366,16513,John G. Avildsen,Director
4638,11090,Edgar Wright,Director
2054,18356,Stephen Herek,Director
264660,2036,Alex Garland,Director
408,5446,David Hand,Director
408,11426,Ben Sharpsteen,Director
408,67373,William Cottrell,Director
408,564042,Larry Morey,Director
408,52218,Perce Pearce,Director
408,11434,Wilfred Jackson,Director
6479,10943,Francis Lawrence,Director
2756,2710,James Cameron,Director
9386,5231,Wolfgang Petersen,Director
9428,5655,Wes Anderson,Director
10528,956,Guy Ritchie,Director
10193,8,Lee Unkrich,Director
70160,23964,Gary Ross,Director
45269,70500,Tom Hooper,Director
243,3224,Stephen Frears,Director
12445,11343,David Yates,Director
616,9181,Edward Zwick,Director
2758,5174,Barry Sonnenfeld,Director
210577,7467,David Fincher,Director
10191,66193,Chris Sanders,Director
10191,69797,Dean DeBlois,Director
310,4499,Tom Shadyac,Director
1832,19303,Kevin Smith,Director
6957,41039,Judd Apatow,Director
213,2636,Alfred Hitchcock,Director
11566,8858,Ivan Reitman,Director
4232,5140,Wes Craven,Director
19908,91268,Ruben Fleischer,Director
792,1152,Oliver Stone,Director
1900,1884,Steven Soderbergh,Director
137113,11694,Doug Liman,Director
329865,137427,Denis Villeneuve,Director
345,240,Stanley Kubrick,Director
881,3026,Rob Reiner,Director
496,6767,Larry Charles,Director
8363,54733,Greg Mottola,Director
111,1150,Brian De Palma,Director
426,2636,Alfred Hitchcock,Director
1587,5306,Lasse Hallström,Director
11031,3026,Rob Reiner,Director
244786,136495,Damien Chazelle,Director
703,1243,Woody Allen,Director
1573,16938,Renny Harlin,Director
44214,6431,Darren Aronofsky,Director
9087,3026,Rob Reiner,Director
330,488,Steven Spielberg,Director
1584,564,Richard Linklater,Director
117,1150,Brian De Palma,Director
621,8876,Randal Kleiser,Director
1359,16378,Mary Harron,Director
13223,190,Clint Eastwood,Director
608,5174,Barry Sonnenfeld,Director
595,8482,Robert Mulligan,Director
140607,15344,J.J. Abrams,Director
68,280,Terry Gilliam,Director
9359,7187,Richard Donner,Director
2024,6046,Roland Emmerich,Director
634,9158,Sharon Maguire,Director
9495,21085,Alex Proyas,Director
70,190,Clint Eastwood,Director
77338,84425,Éric Toledano,Director
77338,84426,Olivier Nakache,Director
9277,9577,George Roy Hill,Director
154,1788,Nicholas Meyer,Director
5548,10491,Paul Verhoeven,Director
1585,2662,Frank Capra,Director
9354,4945,Joe Johnston,Director
3034,14639,Mel Brooks,Director
508,7018,Richard Curtis,Director
9798,893,Tony Scott,Director
9552,15175,William Friedkin,Director
49047,11218,Alfonso Cuarón,Director
15121,1744,Robert Wise,Director
378,1223,Joel Coen,Director
713,10757,Jane Campion,Director
10144,15811,John Musker,Director
10144,15810,Ron Clements,Director
11395,58072,John Pasquin,Director
840,488,Steven Spielberg,Director
4476,9181,Edward Zwick,Director
1701,12786,Simon West,Director
319,893,Tony Scott,Director
128,608,Hayao Miyazaki,Director
11545,5655,Wes Anderson,Director
433,5834,Robert Stevenson,Director
531,7314,Nick Park,Director
33,190,Clint Eastwood,Director
642,9577,George Roy Hill,Director
2675,11614,M. Night Shyamalan,Director
926,15002,Dean Parisot,Director
824,6201,Baz Luhrmann,Director
522,510,Tim Burton,Director
2668,510,Tim Burton,Director
509,7017,Roger Michell,Director
787,11694,Doug Liman,Director
9268,26713,Chuck Russell,Director
670,10099,Park Chan-wook,Director
9772,5231,Wolfgang Petersen,Director
644,488,Steven Spielberg,Director
118,510,Tim Burton,Director
9427,57630,Peter Cattaneo,Director
152601,5953,Spike Jonze,Director
10138,15277,Jon Favreau,Director
855,578,Ridley Scott,Director
13183,15217,Zack Snyder,Director
9654,37932,F. Gary Gray,Director
1924,7187,Richard Donner,Director
4951,40243,Gil Junger,Director
9482,33279,Danny Cannon,Director
770,9049,Victor Fleming,Director
755,2294,Robert Rodriguez,Director
409,2239,Anthony Minghella,Director
1813,18596,Taylor Hackford,Director
9894,7399,Ben Stiller,Director
8872,58448,Penelope Spheeris,Director
4995,4762,Paul Thomas Anderson,Director
1018,5602,David Lynch,Director
1933,19840,Alejandro Amenábar,Director
411,5524,Andrew Adamson,Director
346,5026,Akira Kurosawa,Director
10731,5572,Joel Schumacher,Director
9502,57741,Mark Osborne,Director
9502,57742,John Stevenson,Director
8005,14639,Mel Brooks,Director
11003,57370,Frank Coraci,Director
8068,2294,Robert Rodriguez,Director
1372,9181,Edward Zwick,Director
8835,36797,Robert Luketic,Director
565,1704,Gore Verbinski,Director
11969,16566,George P. Cosmatos,Director
8077,7467,David Fincher,Director
1430,17087,Michael Moore,Director
10377,21217,Jonathan Lynn,Director
49051,108,Peter Jackson,Director
8681,35453,Pierre Morel,Director
1213,2239,Anthony Minghella,Director
9342,10702,Martin Campbell,Director
4935,608,Hayao Miyazaki,Director
19913,87742,Marc Webb,Director
51876,17329,Neil Burger,Director
36593,13426,Peter Segal,Director
364,510,Tim Burton,Director
387,5231,Wolfgang Petersen,Director
23483,957,Matthew Vaughn,Director
947,12238,David Lean,Director
8346,54644,Joel Zwick,Director
17431,81850,Duncan Jones,Director
3595,6159,Ron Howard,Director
177572,227439,Don Hall,Director
177572,70238,Chris Williams,Director
36647,10808,Stephen Norrington,Director
9434,58294,George Armitage,Director
10530,65530,Mike Gabriel,Director
10530,65531,Eric Goldberg,Director
306,4610,John Landis,Director
871,13265,Franklin J. Schaffner,Director
334,4762,Paul Thomas Anderson,Director
37724,39,Sam Mendes,Director
10329,664,Frank Marshall,Director
7345,4762,Paul Thomas Anderson,Director
2255,19303,Kevin Smith,Director
36685,13484,Jim Sharman,Director
8321,54472,Martin McDonagh,Director
8866,7145,Michael Lehmann,Director
8840,18878,Rob Cohen,Director
1493,18281,Donald Petrie,Director
285,1704,Gore Verbinski,Director
2657,23964,Gary Ross,Director
207703,957,Matthew Vaughn,Director
49538,957,Matthew Vaughn,Director
16320,12891,Joss Whedon,Director
1491,17329,Neil Burger,Director
9451,13235,Alexander Payne,Director
392,5306,Lasse Hallström,Director
957,14639,Mel Brooks,Director
9737,865,Michael Bay,Director
942,7187,Richard Donner,Director
9326,24,Robert Zemeckis,Director
184,138,Quentin Tarantino,Director
9593,1090,John McTiernan,Director
850,12698,Bob Clark,Director
4922,7467,David Fincher,Director
318846,55710,Adam McKay,Director
9489,9248,Nora Ephron,Director
10674,66190,Tony Bancroft,Director
10674,66191,Barry Cook,Director
9612,18308,Steve Barron,Director
9398,7399,Ben Stiller,Director
59967,67367,Rian Johnson,Director
1824,13426,Peter Segal,Director
322,190,Clint Eastwood,Director
22538,11090,Edgar Wright,Director
826,12238,David Lean,Director
10895,11429,Hamilton Luske,Director
10895,11426,Ben Sharpsteen,Director
10895,74565,Jack Kinney,Director
10895,11427,Bill Roberts,Director
10895,11432,T. Hee,Director
10895,226599,Norman Ferguson,Director
10895,11434,Wilfred Jackson,Director
1091,11770,John Carpenter,Director
2034,20907,Antoine Fuqua,Director
9348,21370,Roger Donaldson,Director
4247,35689,Keenen Ivory Wayans,Director
299536,19272,Joe Russo,Director
299536,19271,Anthony Russo,Director
2109,11091,Brett Ratner,Director
9255,12936,Jim Abrahams,Director
9522,42994,David Dobkin,Director
9340,7187,Richard Donner,Director
11971,11181,Kenneth Branagh,Director
296,7213,Jonathan Mostow,Director
5915,2228,Sean Penn,Director
10195,11181,Kenneth Branagh,Director
269149,76595,Byron Howard,Director
269149,165787,Rich Moore,Director
435,6046,Roland Emmerich,Director
658,9915,Guy Hamilton,Director
2666,21085,Alex Proyas,Director
8839,11887,Brad Silberling,Director
766,7623,Sam Raimi,Director
801,8246,Barry Levinson,Director
168,1749,Leonard Nimoy,Director
12498,879,Billy Bob Thornton,Director
6488,664,Frank Marshall,Director
64690,21183,Nicolas Winding Refn,Director
1402,20646,Gabriele Muccino,Director
714,1724,Roger Spottiswoode,Director
2323,23968,Phil Alden Robinson,Director
205,2589,Terry George,Director
927,4600,Joe Dante,Director
8193,53925,Jared Hess,Director
963,6593,John Huston,Director
756,11434,Wilfred Jackson,Director
756,11427,Bill Roberts,Director
756,11428,Paul Satterfield,Director
756,5691,Samuel Armstrong,Director
756,11430,Jim Handley,Director
756,11432,T. Hee,Director
756,11429,Hamilton Luske,Director
756,11426,Ben Sharpsteen,Director
756,5690,James Algar,Director
756,226599,Norman Ferguson,Director
756,5446,David Hand,Director
756,1094239,Ford Beebe Jr.,Director
652,5231,Wolfgang Petersen,Director
20352,124748,Chris Renaud,Director
20352,124747,Pierre Coffin,Director
3981,17698,Nancy Meyers,Director
88,716,Emile Ardolino,Director
9294,12962,Jon Turteltaub,Director
36668,11091,Brett Ratner,Director
1640,455,Paul Haggis,Director
532,7314,Nick Park,Director
594,488,Steven Spielberg,Director
1538,638,Michael Mann,Director
9679,58498,Dominic Sena,Director
818,6737,Jay Roach,Director
401,5367,Zach Braff,Director
1771,4945,Joe Johnston,Director
3131,1032,Martin Scorsese,Director
100402,19272,Joe Russo,Director
100402,19271,Anthony Russo,Director
571,2636,Alfred Hitchcock,Director
74,488,Steven Spielberg,Director
9886,59997,Robert Longo,Director
101299,10943,Francis Lawrence,Director
9372,57492,Morgan Spurlock,Director
2757,5953,Spike Jonze,Director
9671,58453,Peter Faiman,Director
90,769,Martin Brest,Director
676,865,Michael Bay,Director
8487,5174,Barry Sonnenfeld,Director
1541,578,Ridley Scott,Director
11072,14639,Mel Brooks,Director
9361,638,Michael Mann,Director
11778,12114,Michael Cimino,Director
6415,17883,David O. Russell,Director
239,3146,Billy Wilder,Director
11860,2226,Sydney Pollack,Director
45612,81850,Duncan Jones,Director
82693,17883,David O. Russell,Director
8392,608,Hayao Miyazaki,Director
10057,18356,Stephen Herek,Director
10625,54050,Mark Waters,Director
1734,7775,Stephen Sommers,Director
7299,13927,Kurt Wimmer,Director
8078,2419,Jean-Pierre Jeunet,Director
1903,11649,Cameron Crowe,Director
903,13859,Stuart Rosenberg,Director
8656,51984,Mimi Leder,Director
651,9789,Robert Altman,Director
8699,55710,Adam McKay,Director
1858,865,Michael Bay,Director
9366,10723,Mike Newell,Director
163,1884,Steven Soderbergh,Director
8469,4610,John Landis,Director
913,1090,John McTiernan,Director
8009,52968,Russell Mulcahy,Director
284053,55934,Taika Waititi,Director
2322,23968,Phil Alden Robinson,Director
9388,52443,Jason Reitman,Director
5925,14520,John Sturges,Director
242582,57113,Dan Gilroy,Director
1878,280,Terry Gilliam,Director
591,6159,Ron Howard,Director
11862,56106,Charles Shyer,Director
9665,9181,Edward Zwick,Director
127585,9032,Bryan Singer,Director
2770,7409,J.B. Rogers,Director
15602,26502,Howard Deutch,Director
283995,15218,James Gunn,Director
846,12523,Rob Bowman,Director
245891,40644,Chad Stahelski,Director
1578,1032,Martin Scorsese,Director
11310,66548,Paul Weiland,Director
245,3288,Chris Weitz,Director
245,3289,Paul Weitz,Director
402,10491,Paul Verhoeven,Director
9426,224,David Cronenberg,Director
872,13284,Stanley Donen,Director
872,13294,Gene Kelly,Director
8374,54795,Troy Duffy,Director
11780,30365,Michael Caton-Jones,Director
2300,23677,Joe Pytka,Director
7453,52842,Garth Jennings,Director
1830,8685,Andrew Niccol,Director
8916,18863,Eric Darnell,Director
8916,52870,Tim Johnson,Director
8984,8246,Barry Levinson,Director
13785,13524,Christopher Guest,Director
176,2127,James Wan,Director
1645,5572,Joel Schumacher,Director
1592,17812,Gregory Hoblit,Director
2133,5231,Wolfgang Petersen,Director
10442,15106,Thomas Schlamme,Director
263115,366,James Mangold,Director
68721,1108,Shane Black,Director
11386,17016,Neil Jordan,Director
6520,3415,Jerry Zucker,Director
2320,2523,Stuart Baird,Director
11381,13426,Peter Segal,Director
9799,18878,Rob Cohen,Director
58574,956,Guy Ritchie,Director
397,8844,Lawrence Kasdan,Director
2640,7145,Michael Lehmann,Director
2619,6159,Ron Howard,Director
1949,7467,David Fincher,Director
35,197,David Silverman,Director
2059,12962,Jon Turteltaub,Director
330459,129894,Gareth Edwards,Director
10545,62048,Kirk Wise,Director
10545,62047,Gary Trousdale,Director
34584,5231,Wolfgang Petersen,Director
2123,7396,Peter Farrelly,Director
2123,7395,Bobby Farrelly,Director
10340,11429,Hamilton Luske,Director
10340,64864,Clyde Geronimi,Director
10340,11434,Wilfred Jackson,Director
869,510,Tim Burton,Director
284052,55499,Scott Derrickson,Director
350,5065,David Frankel,Director
10386,7087,Brad Bird,Director
1574,17633,Rob Marshall,Director
9281,2690,Peter Weir,Director
242,1776,Francis Ford Coppola,Director
33542,44916,Stanley Tong Gwai-Lai,Director
65754,7467,David Fincher,Director
793,5602,David Lynch,Director
582,8193,Florian Henckel von Donnersmarck,Director
9312,4014,Paul W. S. Anderson,Director
11036,11151,Nick Cassavetes,Director
4553,37948,Brad Anderson,Director
57158,108,Peter Jackson,Director
1487,10828,Guillermo del Toro,Director
454,6201,Baz Luhrmann,Director
83666,5655,Wes Anderson,Director
1621,4610,John Landis,Director
99861,12891,Joss Whedon,Director
9325,57314,Wolfgang Reitherman,Director
18183,22767,Alfonso Arau,Director
1700,3026,Rob Reiner,Director
11934,1223,Joel Coen,Director
11934,1224,Ethan Coen,Director
87827,1614,Ang Lee,Director
97,12859,Steven Lisberger,Director
10637,52358,Boaz Yakin,Director
68734,880,Ben Affleck,Director
236,3045,P.J. Hogan,Director
2567,1032,Martin Scorsese,Director
281957,223,Alejandro G. Iñárritu,Director
1262,12995,Marc Forster,Director
164,1927,Blake Edwards,Director
157,1749,Leonard Nimoy,Director
299534,19271,Anthony Russo,Director
299534,19272,Joe Russo,Director
8874,3045,P.J. Hogan,Director
9659,20629,George Miller,Director
9032,17494,Dennis Dugan,Director
174,1788,Nicholas Meyer,Director
920,7879,John Lasseter,Director
488,6593,John Huston,Director
415,5572,Joel Schumacher,Director
419430,291263,Jordan Peele,Director
8810,20629,George Miller,Director
8195,13776,John Frankenheimer,Director
496243,21684,Bong Joon Ho,Director
11010,28898,Michael Radford,Director
475557,57130,Todd Phillips,Director
2787,28239,David Twohy,Director
149,185,Katsuhiro Otomo,Director
11543,7395,Bobby Farrelly,Director
11543,7396,Peter Farrelly,Director
4147,39,Sam Mendes,Director
186,2291,Paul McGuigan,Director
10328,6159,Ron Howard,Director
388,5281,Spike Lee,Director
331,4945,Joe Johnston,Director
473,6431,Darren Aronofsky,Director
8987,323,Curtis Hanson,Director
1945,10781,Michael Apted,Director
8834,7187,Richard Donner,Director
11287,14911,Penny Marshall,Director
1885,16513,John G. Avildsen,Director
38757,76595,Byron Howard,Director
38757,121830,Nathan Greno,Director
11472,10965,Chris Columbus,Director
69,366,James Mangold,Director
9740,578,Ridley Scott,Director
879,488,Steven Spielberg,Director
11688,61411,Mark Dindal,Director
2636,26648,Luis Llosa,Director
4543,10707,Terry Jones,Director
12162,14392,Kathryn Bigelow,Director
586,8246,Barry Levinson,Director
273248,138,Quentin Tarantino,Director
559,7623,Sam Raimi,Director
1995,12786,Simon West,Director
609,10051,Tobe Hooper,Director
10719,15277,Jon Favreau,Director
561,10943,Francis Lawrence,Director
6114,1776,Francis Ford Coppola,Director
10539,57646,Henry Selick,Director
194662,223,Alejandro G. Iñárritu,Director
60308,5345,Bennett Miller,Director
9475,769,Martin Brest,Director
70981,578,Ridley Scott,Director
853,2352,Jean-Jacques Annaud,Director
11224,11429,Hamilton Luske,Director
11224,64864,Clyde Geronimi,Director
11224,11434,Wilfred Jackson,Director
1245,54441,James Ivory,Director
14291,2260,Steven Zaillian,Director
217,488,Steven Spielberg,Director
4133,34849,Ted Demme,Director
61791,77357,Rupert Wyatt,Director
4964,41039,Judd Apatow,Director
109445,15774,Chris Buck,Director
109445,1120694,Jennifer Lee,Director
335984,137427,Denis Villeneuve,Director
783,4786,Richard Attenborough,Director
11113,14674,George Cukor,Director
8488,17167,Andy Tennant,Director
8584,46076,Tom Dey,Director
11977,1524,Harold Ramis,Director
271110,19272,Joe Russo,Director
271110,19271,Anthony Russo,Director
11216,65314,Giuseppe Tornatore,Director
1103,11770,John Carpenter,Director
9472,57633,Rawson Marshall Thurber,Director
4547,7467,David Fincher,Director
8960,36602,Peter Berg,Director
1777,17087,Michael Moore,Director
4944,1224,Ethan Coen,Director
4944,1223,Joel Coen,Director
10478,4037,Ron Shelton,Director
254,108,Peter Jackson,Director
9675,13235,Alexander Payne,Director
9587,58094,Gillian Armstrong,Director
7340,1150,Brian De Palma,Director
14275,122449,Steve James,Director
64688,107446,Phil Lord,Director
64688,155267,Christopher Miller,Director
1648,18356,Stephen Herek,Director
75656,18865,Louis Leterrier,Director
7446,7399,Ben Stiller,Director
888,13581,Brian Levant,Director
9535,1524,Harold Ramis,Director
546554,67367,Rian Johnson,Director
71,468,Stephen Daldry,Director
11017,57691,Tamra Davis,Director
152,1744,Robert Wise,Director
455,6220,Gurinder Chadha,Director
22881,54040,John Lee Hancock,Director
9323,12180,Mamoru Oshii,Director
82690,165787,Rich Moore,Director
805,3556,Roman Polanski,Director
796,11873,Roger Kumble,Director
847,6159,Ron Howard,Director
6280,8858,Ivan Reitman,Director
44264,1224,Ethan Coen,Director
44264,1223,Joel Coen,Director
841,5602,David Lynch,Director
2759,27889,Stephan Elliott,Director
475,6448,Arthur Penn,Director
102899,59026,Peyton Reed,Director
9869,13015,Phillip Noyce,Director
943,7187,Richard Donner,Director
11360,11426,Ben Sharpsteen,Director
11360,11427,Bill Roberts,Director
11360,5691,Samuel Armstrong,Director
11360,11434,Wilfred Jackson,Director
11360,74565,Jack Kinney,Director
11360,226599,Norman Ferguson,Director
13597,55983,Jim Henson,Director
10218,11694,Doug Liman,Director
152532,69371,Jean-Marc Vallée,Director
1598,1032,Martin Scorsese,Director
36643,10781,Michael Apted,Director
421,5655,Wes Anderson,Director
54138,15344,J.J. Abrams,Director
15144,11505,John Hughes,Director
9631,37932,F. Gary Gray,Director
324857,936670,Bob Persichetti,Director
324857,151007,Peter Ramsey,Director
324857,59918,Rodney Rothman,Director
298,1884,Steven Soderbergh,Director
11777,64061,Fred Schepisi,Director
1710,15148,Jon Amiel,Director
10998,7270,Adrian Lyne,Director
6075,1150,Brian De Palma,Director
2907,5174,Barry Sonnenfeld,Director
37136,12987,David Zucker,Director
137106,107446,Phil Lord,Director
137106,155267,Christopher Miller,Director
9909,60295,John N. Smith,Director
167,1978,Iain Softley,Director
11674,18356,Stephen Herek,Director
22970,47506,Drew Goddard,Director
2978,8858,Ivan Reitman,Director
665,10001,William Wyler,Director
2080,13079,Gavin Hood,Director
142,1614,Ang Lee,Director
11353,7908,Frank Oz,Director
688,190,Clint Eastwood,Director
696,1243,Woody Allen,Director
944,7187,Richard Donner,Director
65,323,Curtis Hanson,Director
9476,4723,Brian Helgeland,Director
2028,11649,Cameron Crowe,Director
982,13776,John Frankenheimer,Director
3933,34891,Mike Johnson,Director
3933,510,Tim Burton,Director
9879,41550,Andrew Bergman,Director
59436,1243,Woody Allen,Director
9008,638,Michael Mann,Director
12092,64864,Clyde Geronimi,Director
12092,11434,Wilfred Jackson,Director
12092,11429,Hamilton Luske,Director
1051,15175,William Friedkin,Director
9285,57130,Todd Phillips,Director
9509,893,Tony Scott,Director
10764,12995,Marc Forster,Director
12230,57314,Wolfgang Reitherman,Director
12230,64864,Clyde Geronimi,Director
12230,11429,Hamilton Luske,Director
9066,31024,Betty Thomas,Director
5175,11091,Brett Ratner,Director
9322,59,Luc Besson,Director
765,7623,Sam Raimi,Director
1630,3974,Miloš Forman,Director
10315,5655,Wes Anderson,Director
383498,40684,David Leitch,Director
1725,1744,Robert Wise,Director
1725,18868,Jerome Robbins,Director
8619,2690,Peter Weir,Director
1633,18250,Jon Avnet,Director
772,10965,Chris Columbus,Director
8843,56512,Tarsem Singh,Director
281,14392,Kathryn Bigelow,Director
79,607,Zhang Yimou,Director
7984,53334,Jim Sheridan,Director
377,5140,Wes Craven,Director
2293,19303,Kevin Smith,Director
953,18863,Eric Darnell,Director
953,18864,Tom McGrath,Director
10776,7908,Frank Oz,Director
4982,578,Ridley Scott,Director
84892,19311,Stephen Chbosky,Director
14836,57646,Henry Selick,Director
9571,564,Richard Linklater,Director
131631,10943,Francis Lawrence,Director
819,8246,Barry Levinson,Director
9870,52934,Nicholas Stoller,Director
354912,8,Lee Unkrich,Director
72190,12995,Marc Forster,Director
4806,1201,Garry Marshall,Director
4518,37630,Shekhar Kapur,Director
968,39996,Sidney Lumet,Director
3179,17403,Mike Judge,Director
9100,41549,Andrew Fleming,Director
10510,56911,Les Mayfield,Director
62177,59803,Brenda Chapman,Director
62177,126638,Mark Andrews,Director
403,5696,Bruce Beresford,Director
10112,57314,Wolfgang Reitherman,Director
2112,4723,Brian Helgeland,Director
56292,7087,Brad Bird,Director
146233,137427,Denis Villeneuve,Director
1844,15148,Jon Amiel,Director
8741,30715,Terrence Malick,Director
11448,1243,Woody Allen,Director
13342,57434,Amy Heckerling,Director
320,525,Christopher Nolan,Director
8871,6159,Ron Howard,Director
10669,19665,John Boorman,Director
10331,14999,George A. Romero,Director
11544,69797,Dean DeBlois,Director
11544,66193,Chris Sanders,Director
343,4964,Hal Ashby,Director
3170,5446,David Hand,Director
8367,8300,Kevin Reynolds,Director
866,12995,Marc Forster,Director
902,2419,Jean-Pierre Jeunet,Director
902,13680,Marc Caro,Director
929,6046,Roland Emmerich,Director
1634,18254,Simon Wincer,Director
12155,510,Tim Burton,Director
8393,55668,Jamie Uys,Director
948,11770,John Carpenter,Director
693,6737,Jay Roach,Director
10559,17812,Gregory Hoblit,Director
577,5216,Gus Van Sant,Director
1635,865,Michael Bay,Director
5236,1108,Shane Black,Director
11635,57130,Todd Phillips,Director
11412,16938,Renny Harlin,Director
339403,11090,Edgar Wright,Director
36819,280,Terry Gilliam,Director
10890,8858,Ivan Reitman,Director
431,5877,Vincenzo Natali,Director
8536,10586,Richard Lester,Director
1930,87742,Marc Webb,Director
11639,55983,Jim Henson,Director
11639,7908,Frank Oz,Director
44115,2034,Danny Boyle,Director
9576,2226,Sydney Pollack,Director
9532,57134,James Wong,Director
200,2388,Jonathan Frakes,Director
1576,4014,Paul W. S. Anderson,Director
1817,5572,Joel Schumacher,Director
11970,15810,Ron Clements,Director
11970,15811,John Musker,Director
599,3146,Billy Wilder,Director
11202,13265,Franklin J. Schaffner,Director
391,4385,Sergio Leone,Director
10693,64864,Clyde Geronimi,Director
10693,11434,Wilfred Jackson,Director
10693,11429,Hamilton Luske,Director
9346,57383,Paul Brickman,Director
9430,11694,Doug Liman,Director
1850,3974,Miloš Forman,Director
9533,11091,Brett Ratner,Director
7191,32278,Matt Reeves,Director
6947,11614,M. Night Shyamalan,Director
2069,21217,Jonathan Lynn,Director
9824,59646,Kinka Usher,Director
646,9855,Terence Young,Director
37735,82511,Will Gluck,Director
8413,4014,Paul W. S. Anderson,Director
8966,19850,Catherine Hardwicke,Director
9591,31,Tom Hanks,Director
1368,16544,Ted Kotcheff,Director
314365,17867,Tom McCarthy,Director
814,4610,John Landis,Director
1927,1614,Ang Lee,Director
530,7314,Nick Park,Director
10061,11770,John Carpenter,Director
10428,1978,Iain Softley,Director
2294,19303,Kevin Smith,Director
284054,1056121,Ryan Coogler,Director
1092,15378,Carol Reed,Director
9383,10491,Paul Verhoeven,Director
135397,930707,Colin Trevorrow,Director
2270,957,Matthew Vaughn,Director
3512,32277,Geoff Murphy,Director
13885,510,Tim Burton,Director
3597,33254,Jim Gillespie,Director
657,9855,Terence Young,Director
9611,58178,David Mirkin,Director
10003,13015,Phillip Noyce,Director
1909,25210,Jeremy Leven,Director
9738,20400,Tim Story,Director
2005,716,Emile Ardolino,Director
1593,17825,Shawn Levy,Director
2609,11505,John Hughes,Director
12163,6431,Darren Aronofsky,Director
374720,525,Christopher Nolan,Director
9705,58498,Dominic Sena,Director
226,2836,Kimberly Peirce,Director
36586,10828,Guillermo del Toro,Director
122917,108,Peter Jackson,Director
5176,366,James Mangold,Director
277,3950,Len Wiseman,Director
503475,1265554,Luis Cook,Director
503475,53304,Peter Lord,Director
503475,1119483,Peter Peake,Director
503475,1119834,Dave Alex Riddett,Director
503475,53329,David Sproxton,Director
503475,7314,Nick Park,Director
503475,1244465,Richard Starzak,Director
110415,21684,Bong Joon Ho,Director
75612,86270,Joseph Kosinski,Director
50646,56411,Glenn Ficarra,Director
50646,56412,John Requa,Director
617,9200,John McNaughton,Director
50014,55789,Tate Taylor,Director
11005,14911,Penny Marshall,Director
1571,3950,Len Wiseman,Director
470,223,Alejandro G. Iñárritu,Director
22947,52443,Jason Reitman,Director
76,564,Richard Linklater,Director
3989,34517,Trey Parker,Director
76203,72757,Steve McQueen,Director
8914,16938,Renny Harlin,Director
72105,52139,Seth MacFarlane,Director
13466,4945,Joe Johnston,Director
1389,1884,Steven Soderbergh,Director
838,1,George Lucas,Director
892,2419,Jean-Pierre Jeunet,Director
892,13680,Marc Caro,Director
2924,6159,Ron Howard,Director
36669,7256,Lee Tamahori,Director
10882,64864,Clyde Geronimi,Director
865,12988,Paul Michael Glaser,Director
11355,1215,Raja Gosnell,Director
2788,7399,Ben Stiller,Director
2157,2042,Stephen Hopkins,Director
7863,33433,Scott Hicks,Director
1911,1090,John McTiernan,Director
177,280,Terry Gilliam,Director
10189,64141,David Gordon Green,Director
9549,648,Philip Kaufman,Director
37135,15774,Chris Buck,Director
37135,15775,Kevin Lima,Director
3573,32983,Douglas McGrath,Director
10201,59026,Peyton Reed,Director
12665,56349,Victor Salva,Director
277834,15811,John Musker,Director
277834,15810,Ron Clements,Director
9387,8328,John Milius,Director
820,1152,Oliver Stone,Director
8051,4762,Paul Thomas Anderson,Director
10403,9789,Robert Altman,Director
9480,16837,Mark Steven Johnson,Director
76338,47005,Alan Taylor,Director
4233,5140,Wes Craven,Director
1548,17447,Terry Zwigoff,Director
10398,5696,Bruce Beresford,Director
11382,1243,Woody Allen,Director
11827,70616,Gerald Potterton,Director
11827,58338,John Bruno,Director
11827,70707,John Halas,Director
11827,2888351,Julian Harris,Director
11827,67268,Jimmy T. Murakami,Director
11827,1879400,Barrie Nelson,Director
11827,71852,Paul Sabella,Director
11827,1773189,Jack Stokes,Director
11827,57290,Pino Van Lamsweerde,Director
11827,1693752,Harold Whitaker,Director
10684,9181,Edward Zwick,Director
3050,31024,Betty Thomas,Director
4348,36588,Joe Wright,Director
8698,10808,Stephen Norrington,Director
110,1126,Krzysztof Kieślowski,Director
38055,18864,Tom McGrath,Director
14534,44847,David Anspaugh,Director
10802,10491,Paul Verhoeven,Director
1907,2034,Danny Boyle,Director
2114,21692,Hironobu Sakaguchi,Director
172,1748,William Shatner,Director
266856,76998,James Marsh,Director
10537,1152,Oliver Stone,Director
1443,1769,Sofia Coppola,Director
14161,6046,Roland Emmerich,Director
9837,44113,Steve Hickner,Director
9837,59803,Brenda Chapman,Director
9837,21879,Simon Wells,Director
37094,5572,Joel Schumacher,Director
11522,26502,Howard Deutch,Director
83542,9339,Lilly Wachowski,Director
83542,9340,Lana Wachowski,Director
83542,1071,Tom Tykwer,Director
859,3224,Stephen Frears,Director
20504,11447,Albert Hughes,Director
20504,11448,Allen Hughes,Director
1024,108,Peter Jackson,Director
2039,13563,Norman Jewison,Director
259316,11343,David Yates,Director
9304,1524,Harold Ramis,Director
273481,137427,Denis Villeneuve,Director
6471,1895,Carl Reiner,Director
9481,13015,Phillip Noyce,Director
1865,17633,Rob Marshall,Director
122906,7018,Richard Curtis,Director
1955,5602,David Lynch,Director
11318,55476,Nicholas Hytner,Director
864,12962,Jon Turteltaub,Director
10663,57370,Frank Coraci,Director
68726,10828,Guillermo del Toro,Director
10409,6201,Baz Luhrmann,Director
3536,7213,Jonathan Mostow,Director
1724,18865,Louis Leterrier,Director
1562,17597,Juan Carlos Fresnadillo,Director
956,15344,J.J. Abrams,Director
1654,18392,Robert Aldrich,Director
10220,21053,John Dahl,Director
11236,1128,Agnieszka Holland,Director
11362,8300,Kevin Reynolds,Director
49530,8685,Andrew Niccol,Director
4234,5140,Wes Craven,Director
984,14773,Don Siegel,Director
10714,7775,Stephen Sommers,Director
4108,35452,Corey Yuen,Director
4108,18865,Louis Leterrier,Director
10647,51984,Mimi Leder,Director
1406,33485,Ron Underwood,Director
108,1126,Krzysztof Kieślowski,Director
64682,6201,Baz Luhrmann,Director
9919,18281,Donald Petrie,Director
746,4956,Bernardo Bertolucci,Director
41154,5174,Barry Sonnenfeld,Director
625,8965,Roland Joffé,Director
297762,6884,Patty Jenkins,Director
55,223,Alejandro G. Iñárritu,Director
1779,17087,Michael Moore,Director
10312,4499,Tom Shadyac,Director
2832,366,James Mangold,Director
764,7623,Sam Raimi,Director
82702,69797,Dean DeBlois,Director
212,2662,Frank Capra,Director
9339,57370,Frank Coraci,Director
11153,1524,Harold Ramis,Director
10215,1230252,Peter Howitt,Director
3036,11181,Kenneth Branagh,Director
11561,1243,Woody Allen,Director
9905,2034,Danny Boyle,Director
359940,54472,Martin McDonagh,Director
15472,19346,Niels Arden Oplev,Director
8859,56591,Danny Leiner,Director
2789,28239,David Twohy,Director
804,10001,William Wyler,Director
9889,7396,Peter Farrelly,Director
9889,7395,Bobby Farrelly,Director
4421,578,Ridley Scott,Director
10515,608,Hayao Miyazaki,Director
3176,31074,Kinji Fukasaku,Director
9067,56891,Rachel Talalay,Director
11929,18596,Taylor Hackford,Director
240832,59,Luc Besson,Director
3116,19304,John Schlesinger,Director
109424,25598,Paul Greengrass,Director
9506,13426,Peter Segal,Director
287,4037,Ron Shelton,Director
612,488,Steven Spielberg,Director
1535,893,Tony Scott,Director
1715,5306,Lasse Hallström,Director
5825,34682,Jeremiah S. Chechik,Director
68724,82194,Neill Blomkamp,Director
7131,7775,Stephen Sommers,Director
20526,86270,Joseph Kosinski,Director
981,14674,George Cukor,Director
10612,65859,Christopher Monger,Director
10163,57090,Brett Leonard,Director
2655,24,Robert Zemeckis,Director
1164,223,Alejandro G. Iñárritu,Director
12106,7623,Sam Raimi,Director
533,7313,Steve Box,Director
533,7314,Nick Park,Director
1412,1884,Steven Soderbergh,Director
81,608,Hayao Miyazaki,Director
49521,15217,Zack Snyder,Director
10249,4945,Joe Johnston,Director
8388,4610,John Landis,Director
1073,11676,Mark Pellington,Director
7451,18878,Rob Cohen,Director
2067,1150,Brian De Palma,Director
613,7832,Oliver Hirschbiegel,Director
26748,102445,John Sayles,Director
13310,74396,Tomas Alfredson,Director
39514,57270,Robert Schwentke,Director
711,5216,Gus Van Sant,Director
19,68,Fritz Lang,Director
244,3238,Merian C. Cooper,Director
244,3239,Ernest B. Schoedsack,Director
379,1223,Joel Coen,Director
11282,56591,Danny Leiner,Director
619,8843,Mick Jackson,Director
521,2636,Alfred Hitchcock,Director
313369,136495,Damien Chazelle,Director
2107,8843,Mick Jackson,Director
335,4385,Sergio Leone,Director
925,5281,Spike Lee,Director
9313,2460,Randall Wallace,Director
198663,1179066,Wes Ball,Director
702,2746,Elia Kazan,Director
9504,15890,James Foley,Director
12104,9168,Alan Parker,Director
9602,4610,John Landis,Director
297,769,Martin Brest,Director
11967,56828,Christopher Cain,Director
5279,9789,Robert Altman,Director
4538,5655,Wes Anderson,Director
11004,323,Curtis Hanson,Director
119450,32278,Matt Reeves,Director
10322,4964,Hal Ashby,Director
11176,68457,James Frawley,Director
921,6159,Ron Howard,Director
10830,518,Danny DeVito,Director
1523,17350,Kevin Macdonald,Director
8845,12989,Andrew Davis,Director
10223,7623,Sam Raimi,Director
9336,28904,Hugh Wilson,Director
30197,14639,Mel Brooks,Director
10153,8246,Barry Levinson,Director
51540,71600,Seth Gordon,Director
924,15217,Zack Snyder,Director
12560,8844,Lawrence Kasdan,Director
8909,23430,Timur Bekmambetov,Director
324552,40644,Chad Stahelski,Director
466272,138,Quentin Tarantino,Director
9443,58220,Hugh Hudson,Director
2755,13235,Alexander Payne,Director
228150,19769,David Ayer,Director
11814,11505,John Hughes,Director
10774,39996,Sidney Lumet,Director
654,2746,Elia Kazan,Director
11774,11887,Brad Silberling,Director
1547,5572,Joel Schumacher,Director
938,4385,Sergio Leone,Director
7270,578,Ridley Scott,Director
9397,8858,Ivan Reitman,Director
9360,26648,Luis Llosa,Director
9749,12964,Michael Ritchie,Director
284,3146,Billy Wilder,Director
2925,28904,Hugh Wilson,Director
338,4780,Wolfgang Becker,Director
828,1744,Robert Wise,Director
530915,39,Sam Mendes,Director
23168,880,Ben Affleck,Director
7551,893,Tony Scott,Director
8856,16513,John G. Avildsen,Director
10096,17046,Gary Winick,Director
1367,16483,Sylvester Stallone,Director
16859,608,Hayao Miyazaki,Director
9078,57314,Wolfgang Reitherman,Director
9355,20629,George Miller,Director
9355,57433,George Ogilvie,Director
18129,3224,Stephen Frears,Director
8065,36797,Robert Luketic,Director
12477,628,Isao Takahata,Director
794,7187,Richard Donner,Director
10054,2294,Robert Rodriguez,Director
10162,64045,Kirk Jones,Director
11886,57314,Wolfgang Reitherman,Director
10314,64815,Robert Iscove,Director
10874,65298,Brian Henson,Director
11257,54441,James Ivory,Director
584,6482,John Singleton,Director
9267,57073,Ian MacNaughton,Director
10303,21819,Lewis Teague,Director
6978,11770,John Carpenter,Director
285923,138,Quentin Tarantino,Director
285923,2294,Robert Rodriguez,Director
9619,21370,Roger Donaldson,Director
40807,56661,Jonathan Levine,Director
1391,11218,Alfonso Cuarón,Director
169,2042,Stephen Hopkins,Director
11359,7908,Frank Oz,Director
9880,1201,Garry Marshall,Director
1588,59026,Peyton Reed,Director
9276,2294,Robert Rodriguez,Director
38050,1921,George Nolfi,Director
13820,31493,Alex Cox,Director
11527,19665,John Boorman,Director
10779,108,Peter Jackson,Director
333371,568322,Dan Trachtenberg,Director
910,11435,Howard Hawks,Director
221,2765,Nicholas Ray,Director
9454,17167,Andy Tennant,Director
490,6648,Ingmar Bergman,Director
860,12840,John Badham,Director
18240,29214,Anne Fletcher,Director
181808,67367,Rian Johnson,Director
9303,9339,Lilly Wachowski,Director
9303,9340,Lana Wachowski,Director
9101,12920,David S. Ward,Director
1946,224,David Cronenberg,Director
7450,40345,Don Bluth,Director
7450,12881,Gary Goldman,Director
37686,15344,J.J. Abrams,Director
9471,36425,McG,Director
62211,225976,Dan Scanlon,Director
996,3146,Billy Wilder,Director
12133,55710,Adam McKay,Director
3083,2662,Frank Capra,Director
190859,190,Clint Eastwood,Director
845,2636,Alfred Hitchcock,Director
11446,66605,Todd Solondz,Director
950,5714,Carlos Saldanha,Director
3065,30021,Jim Mallon,Director
1272,2034,Danny Boyle,Director
13595,7145,Michael Lehmann,Director
10535,65548,Rick Friedberg,Director
2928,9248,Nora Ephron,Director
10137,18898,Rob Minkoff,Director
11368,1223,Joel Coen,Director
5683,510,Tim Burton,Director
59,224,David Cronenberg,Director
10525,7904,Billy Crystal,Director
93456,124748,Chris Renaud,Director
93456,124747,Pierre Coffin,Director
16448,13524,Christopher Guest,Director
9357,57446,Mark Romanek,Director
10276,7908,Frank Oz,Director
7485,20907,Antoine Fuqua,Director
80,564,Richard Linklater,Director
624,2778,Dennis Hopper,Director
10673,1152,Oliver Stone,Director
131634,10943,Francis Lawrence,Director
9647,7187,Richard Donner,Director
3063,30008,Leo McCarey,Director
264644,83281,Lenny Abrahamson,Director
8592,6449,Warren Beatty,Director
907,12238,David Lean,Director
3090,6593,John Huston,Director
173,2087,Richard Fleischer,Director
8452,1724,Roger Spottiswoode,Director
810,12098,Chris Miller,Director
26564,17447,Terry Zwigoff,Director
4104,34682,Jeremiah S. Chechik,Director
11645,5026,Akira Kurosawa,Director
9470,57607,Stephen Chow,Director
1371,16483,Sylvester Stallone,Director
1429,5281,Spike Lee,Director
55721,116805,Paul Feig,Director
11253,10828,Guillermo del Toro,Director
192,2352,Jean-Jacques Annaud,Director
45317,17883,David O. Russell,Director
447332,17697,John Krasinski,Director
260513,7087,Brad Bird,Director
290250,1108,Shane Black,Director
10451,1614,Ang Lee,Director
891,6349,Alan J. Pakula,Director
5551,190,Clint Eastwood,Director
187017,107446,Phil Lord,Director
187017,155267,Christopher Miller,Director
1991,138,Quentin Tarantino,Director
168672,17883,David O. Russell,Director
10147,17447,Terry Zwigoff,Director
2252,224,David Cronenberg,Director
6637,12962,Jon Turteltaub,Director
395,4014,Paul W. S. Anderson,Director
11592,10367,John Waters,Director
2291,7270,Adrian Lyne,Director
5,3110,Allison Anders,Director
5,3111,Alexandre Rockwell,Director
5,138,Quentin Tarantino,Director
5,2294,Robert Rodriguez,Director
10336,87130,Mark A.Z. Dippé,Director
12626,3388,James L. Brooks,Director
45243,57130,Todd Phillips,Director
15171,106835,Iwao Takamoto,Director
15171,106834,Charles August Nichols,Director
9607,58164,Annabel Jankel,Director
9607,58165,Rocky Morton,Director
6282,48980,David McNally,Director
873,488,Steven Spielberg,Director
3558,366,James Mangold,Director
1677,18596,Taylor Hackford,Director
10549,11181,Kenneth Branagh,Director
177677,9033,Christopher McQuarrie,Director
14283,78012,François Girard,Director
8831,37710,Peter Hyams,Director
795,11887,Brad Silberling,Director
1374,16483,Sylvester Stallone,Director
2275,12786,Simon West,Director
10858,1152,Oliver Stone,Director
14337,76624,Shane Carruth,Director
10158,4037,Ron Shelton,Director
206487,56501,Michael Spierig,Director
206487,56502,Peter Spierig,Director
114150,168667,Jason Moore,Director
515001,55934,Taika Waititi,Director
11520,18281,Donald Petrie,Director
1452,9032,Bryan Singer,Director
705,10601,Joseph L. Mankiewicz,Director
8873,56155,Stephen Surjik,Director
9403,31024,Betty Thomas,Director
10149,39819,Wayne Wang,Director
4464,23964,Gary Ross,Director
3082,13848,Charlie Chaplin,Director
1369,16566,George P. Cosmatos,Director
548,5026,Akira Kurosawa,Director
967,240,Stanley Kubrick,Director
4248,35689,Keenen Ivory Wayans,Director
37137,12987,David Zucker,Director
7512,17403,Mike Judge,Director
5994,11091,Brett Ratner,Director
4771,880,Ben Affleck,Director
293,4135,Robert Redford,Director
11013,67795,Steven Shainberg,Director
333339,488,Steven Spielberg,Director
2018,20739,Adam Shankman,Director
8247,11694,Doug Liman,Director
44826,1032,Martin Scorsese,Director
303,2636,Alfred Hitchcock,Director
9099,21217,Jonathan Lynn,Director
768,11447,Albert Hughes,Director
768,11448,Allen Hughes,Director
10803,20412,Michael Anderson,Director
10161,53334,Jim Sheridan,Director
22625,19969,Pat O'Connor,Director
1365,12995,Marc Forster,Director
274870,77965,Morten Tyldum,Director
8961,865,Michael Bay,Director
311,4385,Sergio Leone,Director
2119,893,Tony Scott,Director
68924,1614,Ang Lee,Director
9946,37710,Peter Hyams,Director
109,1126,Krzysztof Kieślowski,Director
1639,2209,Jan de Bont,Director
116,1243,Woody Allen,Director
9447,20629,George Miller,Director
223,2636,Alfred Hitchcock,Director
1381,6431,Darren Aronofsky,Director
157350,17329,Neil Burger,Director
9013,769,Martin Brest,Director
12102,6729,Robert Benton,Director
6620,3146,Billy Wilder,Director
11159,65452,Mike Leigh,Director
1498,18308,Steve Barron,Director
288,4065,Fred Zinnemann,Director
10330,54050,Mark Waters,Director
1636,1524,Harold Ramis,Director
9444,12881,Gary Goldman,Director
9444,40345,Don Bluth,Director
1579,2461,Mel Gibson,Director
695,9789,Robert Altman,Director
9396,57594,John Cornell,Director
534,36425,McG,Director
638,5602,David Lynch,Director
13448,6159,Ron Howard,Director
9718,55710,Adam McKay,Director
253,9915,Guy Hamilton,Director
296098,488,Steven Spielberg,Director
13667,87565,Savage Steve Holland,Director
5549,10930,Irvin Kershner,Director
15196,21217,Jonathan Lynn,Director
3509,564,Richard Linklater,Director
381,2636,Alfred Hitchcock,Director
832,68,Fritz Lang,Director
429617,1293994,Jon Watts,Director
1480,40,Orson Welles,Director
381288,11614,M. Night Shyamalan,Director
11011,18281,Donald Petrie,Director
592,1776,Francis Ford Coppola,Director
9944,6349,Alan J. Pakula,Director
138832,57633,Rawson Marshall Thurber,Director
27576,13015,Phillip Noyce,Director
116745,7399,Ben Stiller,Director
10395,5342,Mike Nichols,Director
381284,1141683,Theodore Melfi,Director
7350,3026,Rob Reiner,Director
9550,607,Zhang Yimou,Director
9384,57130,Todd Phillips,Director
978,2352,Jean-Jacques Annaud,Director
8491,16544,Ted Kotcheff,Director
9306,13776,John Frankenheimer,Director
11321,20646,Gabriele Muccino,Director
9090,20237,Beeban Kidron,Director
5876,4027,Frank Darabont,Director
8373,865,Michael Bay,Director
6068,8858,Ivan Reitman,Director
127380,7,Andrew Stanton,Director
123,16384,Ralph Bakshi,Director
290,1223,Joel Coen,Director
290,1224,Ethan Coen,Director
10122,8876,Randal Kleiser,Director
9623,18069,Brian Gibson,Director
9560,22767,Alfonso Arau,Director
10547,28239,David Twohy,Director
44896,1704,Gore Verbinski,Director
2288,5342,Mike Nichols,Director
698,10076,Lewis Gilbert,Director
49049,43141,Pete Travis,Director
490132,7396,Peter Farrelly,Director
10909,58498,Dominic Sena,Director
80274,13079,Gavin Hood,Director
1607,380,Robert De Niro,Director
2022,32593,Steven Brill,Director
1996,2209,Jan de Bont,Director
97630,14392,Kathryn Bigelow,Director
10502,2461,Mel Gibson,Director
8130,53861,Susan Seidelman,Director
10307,11809,Rupert Wainwright,Director
11529,17167,Andy Tennant,Director
4824,30365,Michael Caton-Jones,Director
215,2675,Darren Lynn Bousman,Director
206647,39,Sam Mendes,Director
85350,564,Richard Linklater,Director
2142,366,James Mangold,Director
9012,56578,Jeff Tremaine,Director
107985,11090,Edgar Wright,Director
203801,956,Guy Ritchie,Director
975,240,Stanley Kubrick,Director
8986,24318,Richard Benjamin,Director
914,13848,Charlie Chaplin,Director
681,9915,Guy Hamilton,Director
11843,1927,Blake Edwards,Director
9344,51917,Larry Clark,Director
18203,2283,Stanley Tucci,Director
18203,55152,Campbell Scott,Director
39939,52049,Jay Chandrasekhar,Director
928,4600,Joe Dante,Director
615,2461,Mel Gibson,Director
254320,122423,Yorgos Lanthimos,Director
22794,155267,Christopher Miller,Director
22794,107446,Phil Lord,Director
96721,6159,Ron Howard,Director
4523,15775,Kevin Lima,Director
1552,6159,Ron Howard,Director
10660,41550,Andrew Bergman,Director
11808,2523,Stuart Baird,Director
13997,58448,Penelope Spheeris,Director
1653,8574,Walter Salles,Director
1581,17698,Nancy Meyers,Director
11050,3388,James L. Brooks,Director
9574,56911,Les Mayfield,Director
10948,107274,Richard Rich,Director
10948,67607,Art Stevens,Director
10948,67604,Ted Berman,Director
7095,1776,Francis Ford Coppola,Director
551,7501,Ronald Neame,Director
11371,7908,Frank Oz,Director
6073,1704,Gore Verbinski,Director
11663,9168,Alan Parker,Director
10586,2042,Stephen Hopkins,Director
606,2226,Sydney Pollack,Director
10468,31024,Betty Thomas,Director
9778,36804,Peter Chelsom,Director
3021,29605,Mikael Håfström,Director
11549,14773,Don Siegel,Director
96,893,Tony Scott,Director
438631,137427,Denis Villeneuve,Director
11704,40345,Don Bluth,Director
9531,10586,Richard Lester,Director
11881,24939,George Seaton,Director
16538,17871,John Hamburg,Director
297761,19769,David Ayer,Director
8818,9168,Alan Parker,Director
14181,24294,Ben Younger,Director
660,9855,Terence Young,Director
4978,40345,Don Bluth,Director
5550,44056,Fred Dekker,Director
11393,8246,Barry Levinson,Director
2277,10965,Chris Columbus,Director
5924,13265,Franklin J. Schaffner,Director
55931,56339,Yoshiaki Kawajiri,Director
55931,56341,Mahiro Maeda,Director
55931,56342,Shinichiro Watanabe,Director
55931,56340,Takeshi Koike,Director
55931,28249,Peter Chung,Director
55931,183,Kōji Morimoto,Director
55931,56338,Andrew R. Jones,Director
10414,18356,Stephen Herek,Director
11831,488,Steven Spielberg,Director
4836,957,Matthew Vaughn,Director
9040,39996,Sidney Lumet,Director
99,309,Pedro Almodóvar,Director
9536,57870,Jason Bloom,Director
9452,6449,Warren Beatty,Director
504,6884,Patty Jenkins,Director
10778,1223,Joel Coen,Director
10778,1224,Ethan Coen,Director
12429,608,Hayao Miyazaki,Director
12160,8844,Lawrence Kasdan,Director
13685,5655,Wes Anderson,Director
900,11435,Howard Hawks,Director
1495,578,Ridley Scott,Director
23210,64061,Fred Schepisi,Director
102651,1032536,Robert Stromberg,Director
12123,12989,Andrew Davis,Director
424694,9032,Bryan Singer,Director
4816,4429,Jim Jarmusch,Director
691,10076,Lewis Gilbert,Director
9896,3415,Jerry Zucker,Director
10683,66605,Todd Solondz,Director
590,468,Stephen Daldry,Director
8974,51000,Byron Haskin,Director
8438,54971,Marc Rocco,Director
8688,1150,Brian De Palma,Director
3525,5342,Mike Nichols,Director
2135,21879,Simon Wells,Director
324786,2461,Mel Gibson,Director
300668,2036,Alex Garland,Director
10206,64170,Fran Rubel Kuzui,Director
4808,13284,Stanley Donen,Director
10865,62047,Gary Trousdale,Director
10865,62048,Kirk Wise,Director
1985,8557,Fernando Meirelles,Director
1992,2294,Robert Rodriguez,Director
398,5345,Bennett Miller,Director
4566,19242,Tony Gilroy,Director
3078,2662,Frank Capra,Director
867,13015,Phillip Noyce,Director
5255,24,Robert Zemeckis,Director
16,42,Lars von Trier,Director
9678,32593,Steven Brill,Director
14367,10965,Chris Columbus,Director
5693,44847,David Anspaugh,Director
25,39,Sam Mendes,Director
391713,45400,Greta Gerwig,Director
11878,5026,Akira Kurosawa,Director
9302,18250,Jon Avnet,Director
13701,57851,Bernard Rose,Director
1979,20400,Tim Story,Director
9437,5501,Gary Fleder,Director
10634,37932,F. Gary Gray,Director
12159,9198,Vincent Ward,Director
1089,14392,Kathryn Bigelow,Director
46838,52479,Eli Craig,Director
138843,2127,James Wan,Director
1883,5281,Spike Lee,Director
346364,1113116,Andy Muschietti,Director
5491,5058,Roger Christian,Director
103663,4453,Thomas Vinterberg,Director
1948,20192,Brian Taylor,Director
1948,20193,Mark Neveldine,Director
11158,8876,Randal Kleiser,Director
990,14875,Robert Rossen,Director
8326,12989,Andrew Davis,Director
10141,7908,Frank Oz,Director
27578,16483,Sylvester Stallone,Director
201,2523,Stuart Baird,Director
11618,2209,Jan de Bont,Director
20766,53333,John Hillcoat,Director
10449,46085,Luis Mandoki,Director
4488,35475,Sean S. Cunningham,Director
15373,22214,David Wain,Director
2362,4782,Michael Crichton,Director
579,16187,Jeannot Szwarc,Director
1586,508,David Koepp,Director
10139,5216,Gus Van Sant,Director
10156,14639,Mel Brooks,Director
257211,17698,Nancy Meyers,Director
699,10179,John Glen,Director
2085,10765,Andrzej Bartkowiak,Director
49040,19242,Tony Gilroy,Director
11601,508,David Koepp,Director
834,3950,Len Wiseman,Director
8197,190,Clint Eastwood,Director
246741,55934,Taika Waititi,Director
246741,55936,Jemaine Clement,Director
479,6482,John Singleton,Director
359724,366,James Mangold,Director
10445,4786,Richard Attenborough,Director
10480,58689,Neil LaBute,Director
5156,12329,Vittorio De Sica,Director
10603,54967,Sam Weisman,Director
13053,70238,Chris Williams,Director
13053,76595,Byron Howard,Director
9820,17698,Nancy Meyers,Director
3085,11435,Howard Hawks,Director
4614,23968,Phil Alden Robinson,Director
3291,1461,George Clooney,Director
2665,27746,Ken Finkleman,Director
150,1723,Walter Hill,Director
12101,2087,Richard Fleischer,Director
10474,65390,Scott Kalvert,Director
622,3556,Roman Polanski,Director
10400,13563,Norman Jewison,Director
11816,21958,Mark Rydell,Director
553,42,Lars von Trier,Director
1090,15361,Josef Rusnak,Director
10950,16853,Jessie Nelson,Director
9271,57090,Brett Leonard,Director
1672,18563,Georges Lautner,Director
10154,64030,Kelly Makin,Director
27581,55710,Adam McKay,Director
9352,57405,Jeff Schaffer,Director
9352,57407,David Mandel,Director
9352,57406,Alec Berg,Director
1599,17883,David O. Russell,Director
10705,11181,Kenneth Branagh,Director
709,10179,John Glen,Director
49444,142312,Jennifer Yuh Nelson,Director
8224,5572,Joel Schumacher,Director
10436,1032,Martin Scorsese,Director
653,9076,F. W. Murnau,Director
76170,366,James Mangold,Director
10806,7908,Frank Oz,Director
10872,34849,Ted Demme,Director
1428,2294,Robert Rodriguez,Director
3600,33279,Danny Cannon,Director
75780,9033,Christopher McQuarrie,Director
9367,2294,Robert Rodriguez,Director
14370,63713,Martha Coolidge,Director
1965,12989,Andrew Davis,Director
19186,29715,David Swift,Director
50544,82511,Will Gluck,Director
31174,33315,Richard Loncraine,Director
11562,1243,Woody Allen,Director
9349,6046,Roland Emmerich,Director
10590,2460,Randall Wallace,Director
1577,17649,Alexander Witt,Director
246655,9032,Bryan Singer,Director
29193,1255,David Mamet,Director
650,6482,John Singleton,Director
308,4429,Jim Jarmusch,Director
966,14520,John Sturges,Director
9691,7187,Richard Donner,Director
188927,58189,Justin Lin,Director
682,9915,Guy Hamilton,Director
16619,4135,Robert Redford,Director
10591,65734,Luke Greenfield,Director
11867,70792,David Hogan,Director
12335,5834,Robert Stevenson,Director
332,4759,David Kellogg,Director
4954,12840,John Badham,Director
39513,54733,Greg Mottola,Director
1632,9168,Alan Parker,Director
11041,58448,Penelope Spheeris,Director
49948,5690,James Algar,Director
49948,56146,Gaëtan Brizzi,Director
49948,56147,Paul Brizzi,Director
49948,74297,Hendel Butoy,Director
49948,74298,Francis Glebas,Director
49948,65531,Eric Goldberg,Director
49948,12824,Don Hahn,Director
49948,74299,Pixote Hunt,Director
4437,37710,Peter Hyams,Director
10990,7256,Lee Tamahori,Director
704,10586,Richard Lester,Director
12105,71253,George Dunning,Director
5966,17871,John Hamburg,Director
11978,66121,George Tillman Jr.,Director
11665,13426,Peter Segal,Director
922,4429,Jim Jarmusch,Director
6038,42994,David Dobkin,Director
86838,54472,Martin McDonagh,Director
3033,15557,Bill Condon,Director
363088,59026,Peyton Reed,Director
11551,4600,Joe Dante,Director
109414,19274,Seth Rogen,Director
109414,54734,Evan Goldberg,Director
291805,54507,Jon M. Chu,Director
9334,26713,Chuck Russell,Director
2289,2239,Anthony Minghella,Director
31011,107490,Jaco Van Dormael,Director
2295,19303,Kevin Smith,Director
399055,10828,Guillermo del Toro,Director
493922,1145520,Ari Aster,Director
6278,12523,Rob Bowman,Director
30497,10051,Tobe Hooper,Director
7518,52845,Karey Kirkpatrick,Director
7518,52870,Tim Johnson,Director
6964,17698,Nancy Meyers,Director
9563,1152,Oliver Stone,Director
11528,69741,David Mickey Evans,Director
76493,6767,Larry Charles,Director
923,14999,George A. Romero,Director
11349,18669,J. Lee Thompson,Director
4967,819,Edward Norton,Director
209112,15217,Zack Snyder,Director
15765,18069,Brian Gibson,Director
985,5602,David Lynch,Director
9081,564,Richard Linklater,Director
8512,21712,Carl Franklin,Director
399174,5655,Wes Anderson,Director
19931,39819,Wayne Wang,Director
11232,366,James Mangold,Director
1649,18357,Peter Hewitt,Director
16388,12833,Edward Burns,Director
2454,5524,Andrew Adamson,Director
19101,11218,Alfonso Cuarón,Director
8273,54584,Jesse Dylan,Director
5038,1243,Woody Allen,Director
222935,1053420,Josh Boone,Director
9663,11770,John Carpenter,Director
2771,72205,Shari Springer Berman,Director
2771,72206,Robert Pulcini,Director
59440,77003,Gavin O'Connor,Director
508442,12890,Pete Docter,Director
18971,372,Tom Stoppard,Director
64,309,Pedro Almodóvar,Director
9279,13581,Brian Levant,Director
2604,1152,Oliver Stone,Director
9362,33485,Ron Underwood,Director
951,8858,Ivan Reitman,Director
10849,1243,Woody Allen,Director
11467,18311,Joe Roth,Director
156022,20907,Antoine Fuqua,Director
9486,1230252,Peter Howitt,Director
11975,1776,Francis Ford Coppola,Director
9411,17812,Gregory Hoblit,Director
36648,3893,David S. Goyer,Director
2605,12840,John Badham,Director
4256,12987,David Zucker,Director
5137,41378,Kerry Conran,Director
10358,19303,Kevin Smith,Director
1580,2636,Alfred Hitchcock,Director
198184,82194,Neill Blomkamp,Director
11622,28904,Hugh Wilson,Director
12244,71923,Shane Acker,Director
530385,1145520,Ari Aster,Director
6557,29214,Anne Fletcher,Director
9844,57579,Don Roos,Director
9662,21768,Sylvain Chomet,Director
1667,18525,Luc Jacquet,Director
144,2303,Wim Wenders,Director
228967,54734,Evan Goldberg,Director
228967,19274,Seth Rogen,Director
9955,60922,Josh Gordon,Director
9955,60923,Will Speck,Director
10534,578,Ridley Scott,Director
4347,36588,Joe Wright,Director
9374,24,Robert Zemeckis,Director
302946,77003,Gavin O'Connor,Director
10402,64151,Mike Mitchell,Director
9928,5713,Chris Wedge,Director
10136,12964,Michael Ritchie,Director
9942,12920,David S. Ward,Director
145,42,Lars von Trier,Director
8913,56263,Mary Lambert,Director
9392,57581,Neil Marshall,Director
404,5602,David Lynch,Director
11299,56342,Shinichiro Watanabe,Director
10555,12058,Vicky Jenson,Director
10555,65629,Bibo Bergeron,Director
10555,65630,Rob Letterman,Director
11008,14692,Nick Castle,Director
2056,17867,Tom McCarthy,Director
577922,525,Christopher Nolan,Director
1551,5572,Joel Schumacher,Director
422,4415,Federico Fellini,Director
1370,16589,Peter MacDonald,Director
231,2945,Stephen Gaghan,Director
13363,76462,Richard Schenkman,Director
11517,52629,Joseph Ruben,Director
12280,6159,Ron Howard,Director
102382,87742,Marc Webb,Director
10907,4109,Michael Curtiz,Director
10907,67426,William Keighley,Director
9529,57851,Bernard Rose,Director
6623,51984,Mimi Leder,Director
11336,224,David Cronenberg,Director
9825,58712,Steve Miner,Director
2011,20709,Vincent Paronnaud,Director
2011,20659,Marjane Satrapi,Director
830,12300,Fred M. Wilcox,Director
11040,6448,Arthur Penn,Director
1250,16837,Mark Steven Johnson,Director
9382,18378,Herbert Ross,Director
8202,54025,Karyn Kusama,Director
12110,14639,Mel Brooks,Director
353486,51851,Jake Kasdan,Director
9494,57434,Amy Heckerling,Director
39538,1884,Steven Soderbergh,Director
9543,10723,Mike Newell,Director
9595,12936,Jim Abrahams,Director
14756,63571,Wilson Yip,Director
10466,24318,Richard Benjamin,Director
1788,18378,Herbert Ross,Director
707,10179,John Glen,Director
6878,6592,Duwayne Dunham,Director
11631,71068,Phyllida Lloyd,Director
10437,65298,Brian Henson,Director
260,2636,Alfred Hitchcock,Director
23048,3227,Steve Pink,Director
147,1650,François Truffaut,Director
527,7256,Lee Tamahori,Director
11673,25950,Jean-Paul Rappeneau,Director
270303,558929,David Robert Mitchell,Director
1281,141450,Mel Smith,Director
596,8500,John Ford,Director
1375,16513,John G. Avildsen,Director
1647,21370,Roger Donaldson,Director
9283,34849,Ted Demme,Director
8355,5714,Carlos Saldanha,Director
14334,102445,John Sayles,Director
8870,56154,Antony Hoffman,Director
3035,2917,James Whale,Director
299537,53068,Ryan Fleck,Director
299537,53069,Anna Boden,Director
16520,80570,Walter Lang,Director
34544,40223,Joe Carnahan,Director
10546,65602,Tim Pope,Director
376867,92784,Barry Jenkins,Director
10357,8843,Mick Jackson,Director
11062,23213,Harold Becker,Director
9091,37710,Peter Hyams,Director
10633,13563,Norman Jewison,Director
17578,488,Steven Spielberg,Director
535,7270,Adrian Lyne,Director
843,12453,Wong Kar-Wai,Director
11374,6159,Ron Howard,Director
87502,24,Robert Zemeckis,Director
14574,55299,Mark Herman,Director
10765,34611,Howard Zieff,Director
9637,1215,Raja Gosnell,Director
14412,8844,Lawrence Kasdan,Director
9620,11401,John Woo,Director
11963,2226,Sydney Pollack,Director
22803,37932,F. Gary Gray,Director
1088,15287,Niki Caro,Director
10658,686,Willard Huyck,Director
8850,52968,Russell Mulcahy,Director
338766,3055,David Mackenzie,Director
2268,3288,Chris Weitz,Director
50348,144221,Brad Furman,Director
10518,19304,John Schlesinger,Director
9440,5342,Mike Nichols,Director
12107,13426,Peter Segal,Director
12596,10723,Mike Newell,Director
11787,33064,Henry Koster,Director
51497,58189,Justin Lin,Director
11621,608,Hayao Miyazaki,Director
11329,5501,Gary Fleder,Director
8007,12028,John Moore,Director
9422,2260,Steven Zaillian,Director
15789,15775,Kevin Lima,Director
2623,18596,Taylor Hackford,Director
10747,190,Clint Eastwood,Director
310131,138781,Robert Eggers,Director
24021,27571,David Slade,Director
526,7187,Richard Donner,Director
476,5216,Gus Van Sant,Director
15764,6349,Alan J. Pakula,Director
2642,18323,Marc Lawrence,Director
2103,1884,Steven Soderbergh,Director
18239,3288,Chris Weitz,Director
11379,18179,W.D. Richter,Director
10495,16513,John G. Avildsen,Director
10110,488,Steven Spielberg,Director
1781,19012,Davis Guggenheim,Director
11597,8246,Barry Levinson,Director
9493,8858,Ivan Reitman,Director
9816,52038,Thomas Carter,Director
9801,20237,Beeban Kidron,Director
458156,40644,Chad Stahelski,Director
8649,1032,Martin Scorsese,Director
487558,5281,Spike Lee,Director
11302,1243,Woody Allen,Director
353081,9033,Christopher McQuarrie,Director
9314,28898,Michael Radford,Director
12614,1927,Blake Edwards,Director
16614,54733,Greg Mottola,Director
5689,8876,Randal Kleiser,Director
10548,65608,Leon Gast,Director
11498,11181,Kenneth Branagh,Director
11593,6729,Robert Benton,Director
10501,65629,Bibo Bergeron,Director
10501,2036264,Don Paul,Director
901,13848,Charlie Chaplin,Director
545611,1317730,Daniel Scheinert,Director
545611,1383612,Daniel Kwan,Director
39254,17825,Shawn Levy,Director
11239,68707,Masayuki Suō,Director
20758,13980,Vincente Minnelli,Director
38356,865,Michael Bay,Director
9061,56872,Arne Glimcher,Director
9516,11448,Allen Hughes,Director
9516,11447,Albert Hughes,Director
44912,10702,Martin Campbell,Director
634649,1293994,Jon Watts,Director
11846,56106,Charles Shyer,Director
9826,18254,Simon Wincer,Director
11066,68215,Reginald Hudlin,Director
9257,47640,Clark Johnson,Director
10217,56205,Atom Egoyan,Director
9836,20629,George Miller,Director
983,6593,John Huston,Director
11974,4600,Joe Dante,Director
802,240,Stanley Kubrick,Director
14506,280,Terry Gilliam,Director
4977,40333,Satoshi Kon,Director
13809,956,Guy Ritchie,Director
6615,50767,Craig Gillespie,Director
1398,8452,Andrei Tarkovsky,Director
6145,17812,Gregory Hoblit,Director
72976,488,Steven Spielberg,Director
64635,3950,Len Wiseman,Director
24795,56506,William Dear,Director
11231,56828,Christopher Cain,Director
10997,20640,Chen Kaige,Director
10013,1776,Francis Ford Coppola,Director
66,190,Clint Eastwood,Director
2043,7256,Lee Tamahori,Director
3175,240,Stanley Kubrick,Director
9609,33,Gary Sinise,Director
1360,16391,Julie Taymor,Director
9003,31211,Clive Barker,Director
9615,58189,Justin Lin,Director
10911,18669,J. Lee Thompson,Director
10157,41720,Jerry Paris,Director
3529,32427,W.S. Van Dyke,Director
76726,934803,Josh Trank,Director
11678,10702,Martin Campbell,Director
11973,21370,Roger Donaldson,Director
576,7767,Sam Peckinpah,Director
9037,56755,Patricia Birch,Director
227,1776,Francis Ford Coppola,Director
13804,58189,Justin Lin,Director
4477,6349,Alan J. Pakula,Director
39452,131617,Banksy,Director
11815,70565,Kurt Neumann,Director
10210,52405,Michael Hoffman,Director
588,8296,Christophe Gans,Director
343668,957,Matthew Vaughn,Director
13776,8246,Barry Levinson,Director
19959,7213,Jonathan Mostow,Director
372058,74091,Makoto Shinkai,Director
5723,45117,John Carney,Director
238713,116805,Paul Feig,Director
14462,16294,Jonathan Demme,Director
14052,67897,Jeff Kanew,Director
4442,280,Terry Gilliam,Director
87421,28239,David Twohy,Director
11418,57434,Amy Heckerling,Director
11335,9789,Robert Altman,Director
7007,648,Philip Kaufman,Director
23827,90591,Oren Peli,Director
11397,57604,Joel Gallen,Director
140420,8020,John Kahrs,Director
74643,67717,Michel Hazanavicius,Director
1687,9108,Don Taylor,Director
13203,54590,Steve Rash,Director
396,5342,Mike Nichols,Director
10661,17494,Dennis Dugan,Director
7555,16483,Sylvester Stallone,Director
10784,66777,Bob Fosse,Director
8011,53599,Andrew Morahan,Director
12154,1749,Leonard Nimoy,Director
10464,16853,Jessie Nelson,Director
11319,57314,Wolfgang Reitherman,Director
11319,69003,John Lounsbery,Director
11319,67607,Art Stevens,Director
11873,1032,Martin Scorsese,Director
7737,52968,Russell Mulcahy,Director
8816,5306,Lasse Hallström,Director
348350,6159,Ron Howard,Director
7300,52405,Michael Hoffman,Director
13370,13524,Christopher Guest,Director
16996,58552,Burr Steers,Director
9461,57727,Robert Clouse,Director
11976,578,Ridley Scott,Director
10860,18378,Herbert Ross,Director
3594,5572,Joel Schumacher,Director
12573,1223,Joel Coen,Director
12573,1224,Ethan Coen,Director
10404,607,Zhang Yimou,Director
10796,57134,James Wong,Director
10427,21053,John Dahl,Director
16219,63943,Rowdy Herrington,Director
11411,64508,Sidney J. Furie,Director
124905,129894,Gareth Edwards,Director
1251,190,Clint Eastwood,Director
76492,185438,Genndy Tartakovsky,Director
1439,17167,Andy Tennant,Director
8069,53767,Roger Vadim,Director
4912,1461,George Clooney,Director
9714,1215,Raja Gosnell,Director
2637,11676,Mark Pellington,Director
18480,6767,Larry Charles,Director
9016,15811,John Musker,Director
9016,15810,Ron Clements,Director
9600,1215,Raja Gosnell,Director
2074,17883,David O. Russell,Director
4512,37618,Andrew Dominik,Director
473033,227564,Benny Safdie,Director
473033,129561,Josh Safdie,Director
49529,7,Andrew Stanton,Director
10439,65310,Kenny Ortega,Director
9335,18865,Louis Leterrier,Director
593,8452,Andrei Tarkovsky,Director
9102,25735,Christian Duguay,Director
15037,13615,Harry Elfont,Director
15037,13614,Deborah Kaplan,Director
20156,56205,Atom Egoyan,Director
10644,648,Philip Kaufman,Director
9404,44916,Stanley Tong Gwai-Lai,Director
9464,22461,Vincent Gallo,Director
10388,1884,Steven Soderbergh,Director
22660,5834,Robert Stevenson,Director
11770,57607,Stephen Chow,Director
2616,11505,John Hughes,Director
65057,13235,Alexander Payne,Director
62215,42,Lars von Trier,Director
14811,13563,Norman Jewison,Director
1427,1071,Tom Tykwer,Director
9559,190,Clint Eastwood,Director
20927,10296,Michael Goldenberg,Director
7303,39819,Wayne Wang,Director
8848,21370,Roger Donaldson,Director
492188,5656,Noah Baumbach,Director
458723,291263,Jordan Peele,Director
12151,12987,David Zucker,Director
12151,3415,Jerry Zucker,Director
12151,12936,Jim Abrahams,Director
2539,3388,James L. Brooks,Director
32513,19304,John Schlesinger,Director
1923,5602,David Lynch,Director
2671,26875,Hideo Nakata,Director
2698,4499,Tom Shadyac,Director
214,2675,Darren Lynn Bousman,Director
11104,12453,Wong Kar-Wai,Director
2614,4600,Joe Dante,Director
11054,10367,John Waters,Director
522627,956,Guy Ritchie,Director
4480,20718,Claude Berri,Director
168259,2127,James Wan,Director
11557,5572,Joel Schumacher,Director
9073,56998,Dwight H. Little,Director
94329,142013,Gareth Evans,Director
24803,9248,Nora Ephron,Director
406,2406,Mathieu Kassovitz,Director
11858,14911,Penny Marshall,Director
13811,21085,Alex Proyas,Director
18444,35318,Ken Annakin,Director
11114,25558,Don Chaffey,Director
6312,8296,Christophe Gans,Director
10493,13015,Phillip Noyce,Director
10198,15810,Ron Clements,Director
10198,15811,John Musker,Director
3580,190,Clint Eastwood,Director
10440,1243,Woody Allen,Director
9358,4755,David R. Ellis,Director
9333,1723,Walter Hill,Director
9716,1243,Woody Allen,Director
8337,11770,John Carpenter,Director
11499,6159,Ron Howard,Director
398978,1032,Martin Scorsese,Director
4961,10828,Guillermo del Toro,Director
4958,4135,Robert Redford,Director
2752,7145,Michael Lehmann,Director
50456,36588,Joe Wright,Director
81310,57314,Wolfgang Reitherman,Director
2652,27571,David Slade,Director
10327,76247,Charles Herman-Wurmfeld,Director
82695,70500,Tom Hooper,Director
10326,58712,Steve Miner,Director
9873,43786,Robert Mandel,Director
334541,30711,Kenneth Lonergan,Director
2086,12840,John Badham,Director
11327,9168,Alan Parker,Director
2019,11401,John Woo,Director
12519,72624,John Duigan,Director
23629,15217,Zack Snyder,Director
11775,1223,Joel Coen,Director
445571,52935,John Francis Daley,Director
445571,1236679,Jonathan Goldstein,Director
363676,190,Clint Eastwood,Director
23631,2294,Robert Rodriguez,Director
23631,61847,Ethan Maniquis,Director
668,9868,Peter R. Hunt,Director
1970,20310,Takashi Shimizu,Director
3586,9789,Robert Altman,Director
11314,68993,Godfrey Reggio,Director
18215,14800,Jennifer Lynch,Director
2310,24,Robert Zemeckis,Director
4478,7270,Adrian Lyne,Director
11356,69300,Gene Saks,Director
763,108,Peter Jackson,Director
11228,18878,Rob Cohen,Director
12207,26775,Lau Kar-leung,Director
9882,9181,Edward Zwick,Director
7452,30309,Peter Greenaway,Director
15512,65630,Rob Letterman,Director
15512,12080,Conrad Vernon,Director
10567,65855,Ralph Zondag,Director
10567,65856,Eric Leighton,Director
9270,67367,Rian Johnson,Director
9622,17494,Dennis Dugan,Director
4722,39104,Abel Ferrara,Director
10393,26502,Howard Deutch,Director
49849,15277,Jon Favreau,Director
